<?xml version='1.0' encoding='UTF-8' standalone='no'?>
<doxygen xmlns:xsi="http://www.w3.org/2001/XMLSchema-instance" xsi:noNamespaceSchemaLocation="compound.xsd" version="1.8.10">
  <compounddef id="_g_p_s_manager_8cs" kind="file" language="C#">
    <compoundname>GPSManager.cs</compoundname>
    <innerclass refid="class_g_p_s_manager" prot="public">GPSManager</innerclass>
    <briefdescription>
    </briefdescription>
    <detaileddescription>
    </detaileddescription>
    <programlisting>
<codeline lineno="1"><highlight class="keyword">using</highlight><highlight class="normal"><sp/><ref refid="namespace_unity_engine" kindref="compound">UnityEngine</ref>;</highlight></codeline>
<codeline lineno="2"><highlight class="normal"></highlight><highlight class="keyword">using</highlight><highlight class="normal"><sp/><ref refid="namespace_system" kindref="compound">System</ref>.Collections;</highlight></codeline>
<codeline lineno="6" refid="class_g_p_s_manager" refkind="compound"><highlight class="keyword">public</highlight><highlight class="normal"><sp/></highlight><highlight class="keyword">class<sp/></highlight><highlight class="normal"><ref refid="class_g_p_s_manager" kindref="compound">GPSManager</ref><sp/>:<sp/>MonoBehaviour<sp/>{</highlight></codeline>
<codeline lineno="15"><highlight class="normal"><sp/><sp/><sp/><sp/></highlight><highlight class="keyword">static</highlight><highlight class="normal"><sp/></highlight><highlight class="keywordtype">string</highlight><highlight class="normal"><sp/><ref refid="class_g_p_s_manager_1acff0e45c53155606483cc9054aea1f33" kindref="member">userLocation</ref>;<sp/></highlight></codeline>
<codeline lineno="16"><highlight class="normal"><sp/><sp/><sp/><sp/>AndroidJavaClass<sp/><ref refid="class_g_p_s_manager_1af586495843a8952f27235c86ff7a818c" kindref="member">gpsActivityJavaClass</ref>;<sp/></highlight></codeline>
<codeline lineno="17"><highlight class="normal"><sp/><sp/><sp/><sp/></highlight><highlight class="keyword">static</highlight><highlight class="normal"><sp/></highlight><highlight class="keywordtype">float</highlight><highlight class="normal"><sp/><sp/><sp/><sp/><ref refid="class_g_p_s_manager_1a99609df2328f567906dbd749be2efd1c" kindref="member">xValue</ref>;<sp/></highlight></codeline>
<codeline lineno="18"><highlight class="normal"><sp/><sp/><sp/><sp/></highlight><highlight class="keyword">static</highlight><highlight class="normal"><sp/></highlight><highlight class="keywordtype">float</highlight><highlight class="normal"><sp/><sp/><sp/><sp/><ref refid="class_g_p_s_manager_1a7ea9347dbe3931e81d9993edee505fdb" kindref="member">yValue</ref>;<sp/></highlight></codeline>
<codeline lineno="19"><highlight class="normal"><sp/><sp/><sp/><sp/></highlight><highlight class="keyword">static</highlight><highlight class="normal"><sp/></highlight><highlight class="keywordtype">float</highlight><highlight class="normal"><sp/><sp/><sp/><sp/><ref refid="class_g_p_s_manager_1a6db207ef9106087ed3544aaaaae90a8c" kindref="member">zValue</ref>;<sp/></highlight></codeline>
<codeline lineno="20"><highlight class="normal"><sp/><sp/><sp/><sp/></highlight><highlight class="keyword">static</highlight><highlight class="normal"><sp/></highlight><highlight class="keywordtype">float</highlight><highlight class="normal"><sp/><ref refid="class_g_p_s_manager_1aacf85f675cd3eb8d0f99d394f470bd00" kindref="member">degrees</ref>;<sp/></highlight></codeline>
<codeline lineno="22"><highlight class="preprocessor">#if<sp/>!UNITY_EDITOR</highlight><highlight class="normal"></highlight></codeline>
<codeline lineno="23"><highlight class="normal"><sp/><sp/><sp/><sp/></highlight><highlight class="keywordtype">void</highlight><highlight class="normal"><sp/><ref refid="class_g_p_s_manager_1abab89e654ad5fb8385d2497e27a6a96b" kindref="member">Start</ref><sp/>()<sp/>{</highlight></codeline>
<codeline lineno="26"><highlight class="normal"><sp/><sp/><sp/><sp/><sp/><sp/><sp/><sp/>*/</highlight></codeline>
<codeline lineno="27"><highlight class="normal"><sp/><sp/><sp/><sp/><sp/><sp/><sp/><sp/>AndroidJNI.AttachCurrentThread();</highlight></codeline>
<codeline lineno="28"><highlight class="normal"><sp/><sp/><sp/><sp/><sp/><sp/><sp/><sp/>gpsActivityJavaClass<sp/>=<sp/></highlight><highlight class="keyword">new</highlight><highlight class="normal"><sp/>AndroidJavaClass(</highlight><highlight class="stringliteral">&quot;com.LuminAR.Project.GPSLocation&quot;</highlight><highlight class="normal">);</highlight></codeline>
<codeline lineno="29"><highlight class="normal"><sp/><sp/><sp/><sp/>}</highlight></codeline>
<codeline lineno="30"><highlight class="normal"><sp/><sp/><sp/><sp/></highlight><highlight class="keywordtype">void</highlight><highlight class="normal"><sp/><ref refid="class_g_p_s_manager_1a743dea1d8b44136547afcad857c6d00e" kindref="member">Update</ref>()<sp/>{</highlight></codeline>
<codeline lineno="36"><highlight class="normal"><sp/><sp/><sp/><sp/><sp/><sp/><sp/><sp/>GUIText<sp/>setText;</highlight></codeline>
<codeline lineno="37"><highlight class="normal"><sp/><sp/><sp/><sp/><sp/><sp/><sp/><sp/></highlight></codeline>
<codeline lineno="38"><highlight class="normal"><sp/><sp/><sp/><sp/><sp/><sp/><sp/><sp/>userLocation<sp/>=<sp/>gpsActivityJavaClass.CallStatic&lt;</highlight><highlight class="keywordtype">string</highlight><highlight class="normal">&gt;(</highlight><highlight class="stringliteral">&quot;getLocation&quot;</highlight><highlight class="normal">);</highlight></codeline>
<codeline lineno="39"><highlight class="normal"></highlight></codeline>
<codeline lineno="40"><highlight class="normal"><sp/><sp/><sp/><sp/><sp/><sp/><sp/><sp/>xValue<sp/>=<sp/>gpsActivityJavaClass.CallStatic&lt;</highlight><highlight class="keywordtype">float</highlight><highlight class="normal">&gt;(</highlight><highlight class="stringliteral">&quot;getX&quot;</highlight><highlight class="normal">);</highlight></codeline>
<codeline lineno="41"><highlight class="normal"><sp/><sp/><sp/><sp/><sp/><sp/><sp/><sp/>yValue<sp/>=<sp/>gpsActivityJavaClass.CallStatic&lt;</highlight><highlight class="keywordtype">float</highlight><highlight class="normal">&gt;(</highlight><highlight class="stringliteral">&quot;getY&quot;</highlight><highlight class="normal">);</highlight></codeline>
<codeline lineno="42"><highlight class="normal"><sp/><sp/><sp/><sp/><sp/><sp/><sp/><sp/>zValue<sp/>=<sp/>gpsActivityJavaClass.CallStatic&lt;</highlight><highlight class="keywordtype">float</highlight><highlight class="normal">&gt;(</highlight><highlight class="stringliteral">&quot;getZ&quot;</highlight><highlight class="normal">);</highlight></codeline>
<codeline lineno="43"><highlight class="normal"><sp/><sp/><sp/><sp/><sp/><sp/><sp/><sp/>degrees<sp/>=<sp/>gpsActivityJavaClass.CallStatic&lt;</highlight><highlight class="keywordtype">float</highlight><highlight class="normal">&gt;(</highlight><highlight class="stringliteral">&quot;getDegrees&quot;</highlight><highlight class="normal">);</highlight></codeline>
<codeline lineno="44"><highlight class="normal"></highlight></codeline>
<codeline lineno="45"><highlight class="normal"><sp/><sp/><sp/><sp/><sp/><sp/><sp/><sp/></highlight></codeline>
<codeline lineno="46"><highlight class="normal"><sp/><sp/><sp/><sp/><sp/><sp/><sp/><sp/></highlight><highlight class="keywordflow">if</highlight><highlight class="normal">(userLocation!=</highlight><highlight class="stringliteral">&quot;Unknown&quot;</highlight><highlight class="normal">){</highlight></codeline>
<codeline lineno="47"><highlight class="normal"><sp/><sp/><sp/><sp/><sp/><sp/><sp/><sp/><sp/><sp/><sp/><sp/>setText<sp/>=<sp/>GameObject.Find(</highlight><highlight class="stringliteral">&quot;gps_user_location&quot;</highlight><highlight class="normal">).GetComponent&lt;GUIText&gt;();</highlight></codeline>
<codeline lineno="48"><highlight class="normal"><sp/><sp/><sp/><sp/><sp/><sp/><sp/><sp/><sp/><sp/><sp/><sp/>setText.text<sp/>=<sp/><ref refid="class_g_p_s_manager_1acff0e45c53155606483cc9054aea1f33" kindref="member">userLocation</ref>;</highlight></codeline>
<codeline lineno="49"><highlight class="normal"><sp/><sp/><sp/><sp/><sp/><sp/><sp/><sp/>}<sp/></highlight><highlight class="keywordflow">else</highlight><highlight class="normal"><sp/>{</highlight></codeline>
<codeline lineno="50"><highlight class="normal"><sp/><sp/><sp/><sp/><sp/><sp/><sp/><sp/><sp/><sp/><sp/><sp/>setText<sp/>=<sp/>GameObject.Find(</highlight><highlight class="stringliteral">&quot;gps_user_location&quot;</highlight><highlight class="normal">).GetComponent&lt;GUIText&gt;();</highlight></codeline>
<codeline lineno="51"><highlight class="normal"><sp/><sp/><sp/><sp/><sp/><sp/><sp/><sp/><sp/><sp/><sp/><sp/>setText.text<sp/>=<sp/></highlight><highlight class="stringliteral">&quot;No<sp/>Location.&quot;</highlight><highlight class="normal">;</highlight></codeline>
<codeline lineno="52"><highlight class="normal"><sp/><sp/><sp/><sp/><sp/><sp/><sp/><sp/>}</highlight></codeline>
<codeline lineno="53"><highlight class="normal"><sp/><sp/><sp/><sp/><sp/><sp/><sp/><sp/></highlight><highlight class="comment">//Debug.Log(&quot;Compasses<sp/>are<sp/>&quot;<sp/>+<sp/>xValue.ToString()<sp/>+<sp/>&quot;,&quot;<sp/>+<sp/>yValue.ToString()<sp/>+<sp/>&quot;,&quot;<sp/>+<sp/>zValue.ToString());</highlight><highlight class="normal"></highlight></codeline>
<codeline lineno="54"><highlight class="normal"><sp/><sp/><sp/><sp/><sp/><sp/><sp/><sp/>setText<sp/>=<sp/>GameObject.Find(</highlight><highlight class="stringliteral">&quot;user_bearing&quot;</highlight><highlight class="normal">).GetComponent&lt;GUIText&gt;();</highlight></codeline>
<codeline lineno="55"><highlight class="normal"><sp/><sp/><sp/><sp/><sp/><sp/><sp/><sp/>setText.text<sp/>=<sp/></highlight><highlight class="stringliteral">&quot;&quot;</highlight><highlight class="normal"><sp/>+<sp/><ref refid="class_g_p_s_manager_1aacf85f675cd3eb8d0f99d394f470bd00" kindref="member">degrees</ref>;</highlight></codeline>
<codeline lineno="56"><highlight class="normal"><sp/><sp/><sp/><sp/></highlight></codeline>
<codeline lineno="57"><highlight class="normal"><sp/><sp/><sp/><sp/>}</highlight></codeline>
<codeline lineno="58"><highlight class="normal"></highlight></codeline>
<codeline lineno="59"><highlight class="normal"><sp/><sp/><sp/><sp/></highlight><highlight class="keywordtype">void</highlight><highlight class="normal"><sp/><ref refid="class_g_p_s_manager_1a6900dee86095c191592dcc7230f2c4a1" kindref="member">OnGUI</ref>()<sp/>{</highlight></codeline>
<codeline lineno="63"><highlight class="normal"><sp/><sp/><sp/><sp/><sp/><sp/><sp/><sp/>GUI.Label(</highlight><highlight class="keyword">new</highlight><highlight class="normal"><sp/>Rect(Screen.width<sp/>/<sp/>2<sp/>-200,<sp/>Screen.height<sp/>/<sp/>2,<sp/>400,100),<sp/></highlight><highlight class="stringliteral">&quot;xmag<sp/>=<sp/>&quot;</highlight><highlight class="normal"><sp/>+<sp/>xValue.ToString()<sp/>+<sp/></highlight><highlight class="stringliteral">&quot;<sp/>ymag<sp/>=<sp/>&quot;</highlight><highlight class="normal"><sp/>+<sp/>yValue.ToString()<sp/>+<sp/></highlight><highlight class="stringliteral">&quot;<sp/>zmag<sp/>=<sp/>&quot;</highlight><highlight class="normal"><sp/>+<sp/>zValue.ToString());</highlight></codeline>
<codeline lineno="64"><highlight class="normal"><sp/><sp/><sp/><sp/>}</highlight></codeline>
<codeline lineno="65"><highlight class="normal"></highlight><highlight class="preprocessor">#endif</highlight></codeline>
<codeline lineno="66"><highlight class="preprocessor">}</highlight></codeline>
    </programlisting>
    <location file="assets/plugins/GPSManager.cs"/>
  </compounddef>
</doxygen>
