<?xml version='1.0' encoding='UTF-8' standalone='no'?>
<doxygen xmlns:xsi="http://www.w3.org/2001/XMLSchema-instance" xsi:noNamespaceSchemaLocation="compound.xsd" version="1.8.10">
  <compounddef id="classcom_1_1_lumin_a_r_1_1_project_1_1_g_p_s_location" kind="class" language="Java" prot="public">
    <compoundname>com::LuminAR::Project::GPSLocation</compoundname>
    <basecompoundref prot="public" virt="non-virtual">UnityPlayerActivity</basecompoundref>
      <sectiondef kind="private-static-attrib">
      <memberdef kind="variable" id="classcom_1_1_lumin_a_r_1_1_project_1_1_g_p_s_location_1a27200adb171e5af258a30141b5300bb4" prot="private" static="yes" mutable="no">
        <type>final String</type>
        <definition>final String com.LuminAR.Project.GPSLocation.TAG</definition>
        <argsstring></argsstring>
        <name>TAG</name>
        <initializer>= &quot;GPS_Unity&quot;</initializer>
        <briefdescription>
        </briefdescription>
        <detaileddescription>
        </detaileddescription>
        <inbodydescription>
        </inbodydescription>
        <location file="assets/plugins/android/com/LuminAR/Project/GPSLocation.java" line="27" column="1" bodyfile="assets/plugins/android/com/LuminAR/Project/GPSLocation.java" bodystart="27" bodyend="-1"/>
      </memberdef>
      <memberdef kind="variable" id="classcom_1_1_lumin_a_r_1_1_project_1_1_g_p_s_location_1a8f0487592da77ffab1e56f362c5a970e" prot="private" static="yes" mutable="no">
        <type>final String</type>
        <definition>final String com.LuminAR.Project.GPSLocation.TAGCOMPASS</definition>
        <argsstring></argsstring>
        <name>TAGCOMPASS</name>
        <initializer>= &quot;Compass&quot;</initializer>
        <briefdescription>
        </briefdescription>
        <detaileddescription>
        </detaileddescription>
        <inbodydescription>
        </inbodydescription>
        <location file="assets/plugins/android/com/LuminAR/Project/GPSLocation.java" line="28" column="1" bodyfile="assets/plugins/android/com/LuminAR/Project/GPSLocation.java" bodystart="28" bodyend="-1"/>
      </memberdef>
      </sectiondef>
      <sectiondef kind="public-static-attrib">
      <memberdef kind="variable" id="classcom_1_1_lumin_a_r_1_1_project_1_1_g_p_s_location_1a89f42d37ba5b950d833c6462e8ff4139" prot="public" static="yes" mutable="no">
        <type>Location</type>
        <definition>Location com.LuminAR.Project.GPSLocation.currentLocation</definition>
        <argsstring></argsstring>
        <name>currentLocation</name>
        <briefdescription>
        </briefdescription>
        <detaileddescription>
<para>Stores the current location </para>        </detaileddescription>
        <inbodydescription>
        </inbodydescription>
        <location file="assets/plugins/android/com/LuminAR/Project/GPSLocation.java" line="31" column="1" bodyfile="assets/plugins/android/com/LuminAR/Project/GPSLocation.java" bodystart="31" bodyend="-1"/>
      </memberdef>
      <memberdef kind="variable" id="classcom_1_1_lumin_a_r_1_1_project_1_1_g_p_s_location_1a02b1c61aac788bc4fbc3702ad2a1f6e7" prot="public" static="yes" mutable="no">
        <type>LocationManager</type>
        <definition>LocationManager com.LuminAR.Project.GPSLocation.myLocationManager</definition>
        <argsstring></argsstring>
        <name>myLocationManager</name>
        <briefdescription>
        </briefdescription>
        <detaileddescription>
        </detaileddescription>
        <inbodydescription>
        </inbodydescription>
        <location file="assets/plugins/android/com/LuminAR/Project/GPSLocation.java" line="32" column="1" bodyfile="assets/plugins/android/com/LuminAR/Project/GPSLocation.java" bodystart="32" bodyend="-1"/>
      </memberdef>
      <memberdef kind="variable" id="classcom_1_1_lumin_a_r_1_1_project_1_1_g_p_s_location_1a9a4fd6ba238852346e3e0dd2cab153c3" prot="public" static="yes" mutable="no">
        <type>SensorManager</type>
        <definition>SensorManager com.LuminAR.Project.GPSLocation.mSensorManager</definition>
        <argsstring></argsstring>
        <name>mSensorManager</name>
        <briefdescription>
        </briefdescription>
        <detaileddescription>
<para>Stuff for magnetic bearing </para>        </detaileddescription>
        <inbodydescription>
        </inbodydescription>
        <location file="assets/plugins/android/com/LuminAR/Project/GPSLocation.java" line="40" column="1" bodyfile="assets/plugins/android/com/LuminAR/Project/GPSLocation.java" bodystart="40" bodyend="-1"/>
      </memberdef>
      <memberdef kind="variable" id="classcom_1_1_lumin_a_r_1_1_project_1_1_g_p_s_location_1a2b584f1c5d93efd149adb32a53a66b5b" prot="public" static="yes" mutable="no">
        <type>Sensor</type>
        <definition>Sensor com.LuminAR.Project.GPSLocation.mSensor</definition>
        <argsstring></argsstring>
        <name>mSensor</name>
        <briefdescription>
        </briefdescription>
        <detaileddescription>
        </detaileddescription>
        <inbodydescription>
        </inbodydescription>
        <location file="assets/plugins/android/com/LuminAR/Project/GPSLocation.java" line="41" column="1" bodyfile="assets/plugins/android/com/LuminAR/Project/GPSLocation.java" bodystart="41" bodyend="-1"/>
      </memberdef>
      <memberdef kind="variable" id="classcom_1_1_lumin_a_r_1_1_project_1_1_g_p_s_location_1ab5c662d0e4fb14a1dee8ce32fd676b48" prot="public" static="yes" mutable="no">
        <type>float</type>
        <definition>float com.LuminAR.Project.GPSLocation.xmag</definition>
        <argsstring></argsstring>
        <name>xmag</name>
        <briefdescription>
        </briefdescription>
        <detaileddescription>
        </detaileddescription>
        <inbodydescription>
        </inbodydescription>
        <location file="assets/plugins/android/com/LuminAR/Project/GPSLocation.java" line="43" column="1" bodyfile="assets/plugins/android/com/LuminAR/Project/GPSLocation.java" bodystart="43" bodyend="-1"/>
      </memberdef>
      <memberdef kind="variable" id="classcom_1_1_lumin_a_r_1_1_project_1_1_g_p_s_location_1a00cb85c5cd88fe21120c35bf6aebd1a0" prot="public" static="yes" mutable="no">
        <type>float</type>
        <definition>float com.LuminAR.Project.GPSLocation.ymag</definition>
        <argsstring></argsstring>
        <name>ymag</name>
        <briefdescription>
        </briefdescription>
        <detaileddescription>
        </detaileddescription>
        <inbodydescription>
        </inbodydescription>
        <location file="assets/plugins/android/com/LuminAR/Project/GPSLocation.java" line="44" column="1" bodyfile="assets/plugins/android/com/LuminAR/Project/GPSLocation.java" bodystart="44" bodyend="-1"/>
      </memberdef>
      <memberdef kind="variable" id="classcom_1_1_lumin_a_r_1_1_project_1_1_g_p_s_location_1ae499bb6065c43d96a052981086fb68e4" prot="public" static="yes" mutable="no">
        <type>float</type>
        <definition>float com.LuminAR.Project.GPSLocation.zmag</definition>
        <argsstring></argsstring>
        <name>zmag</name>
        <briefdescription>
        </briefdescription>
        <detaileddescription>
        </detaileddescription>
        <inbodydescription>
        </inbodydescription>
        <location file="assets/plugins/android/com/LuminAR/Project/GPSLocation.java" line="45" column="1" bodyfile="assets/plugins/android/com/LuminAR/Project/GPSLocation.java" bodystart="45" bodyend="-1"/>
      </memberdef>
      <memberdef kind="variable" id="classcom_1_1_lumin_a_r_1_1_project_1_1_g_p_s_location_1aefd9cf4a3e1454db5602fcccb21ad53a" prot="public" static="yes" mutable="no">
        <type>float</type>
        <definition>float com.LuminAR.Project.GPSLocation.degrees</definition>
        <argsstring></argsstring>
        <name>degrees</name>
        <briefdescription>
        </briefdescription>
        <detaileddescription>
        </detaileddescription>
        <inbodydescription>
        </inbodydescription>
        <location file="assets/plugins/android/com/LuminAR/Project/GPSLocation.java" line="46" column="1" bodyfile="assets/plugins/android/com/LuminAR/Project/GPSLocation.java" bodystart="46" bodyend="-1"/>
      </memberdef>
      </sectiondef>
      <sectiondef kind="package-static-attrib">
      <memberdef kind="variable" id="classcom_1_1_lumin_a_r_1_1_project_1_1_g_p_s_location_1abf77908a2a0e0da68dc631480f906964" prot="package" static="yes" mutable="no">
        <type>LocationListener</type>
        <definition>LocationListener com.LuminAR.Project.GPSLocation.networkLocationListener</definition>
        <argsstring></argsstring>
        <name>networkLocationListener</name>
        <briefdescription>
        </briefdescription>
        <detaileddescription>
<para>Listeners for the gps and network location </para>        </detaileddescription>
        <inbodydescription>
        </inbodydescription>
        <location file="assets/plugins/android/com/LuminAR/Project/GPSLocation.java" line="35" column="1" bodyfile="assets/plugins/android/com/LuminAR/Project/GPSLocation.java" bodystart="35" bodyend="-1"/>
      </memberdef>
      <memberdef kind="variable" id="classcom_1_1_lumin_a_r_1_1_project_1_1_g_p_s_location_1a5a2ed9b8524fe1811b98d45a2962ffbd" prot="package" static="yes" mutable="no">
        <type>LocationListener</type>
        <definition>LocationListener com.LuminAR.Project.GPSLocation.gpsLocationListener</definition>
        <argsstring></argsstring>
        <name>gpsLocationListener</name>
        <briefdescription>
        </briefdescription>
        <detaileddescription>
        </detaileddescription>
        <inbodydescription>
        </inbodydescription>
        <location file="assets/plugins/android/com/LuminAR/Project/GPSLocation.java" line="36" column="1" bodyfile="assets/plugins/android/com/LuminAR/Project/GPSLocation.java" bodystart="36" bodyend="-1"/>
      </memberdef>
      <memberdef kind="variable" id="classcom_1_1_lumin_a_r_1_1_project_1_1_g_p_s_location_1aa6af3afbb75842e4475ea2f5c86d836b" prot="package" static="yes" mutable="no">
        <type>SensorEventListener</type>
        <definition>SensorEventListener com.LuminAR.Project.GPSLocation.mListener</definition>
        <argsstring></argsstring>
        <name>mListener</name>
        <briefdescription>
        </briefdescription>
        <detaileddescription>
        </detaileddescription>
        <inbodydescription>
        </inbodydescription>
        <location file="assets/plugins/android/com/LuminAR/Project/GPSLocation.java" line="37" column="1" bodyfile="assets/plugins/android/com/LuminAR/Project/GPSLocation.java" bodystart="37" bodyend="-1"/>
      </memberdef>
      <memberdef kind="variable" id="classcom_1_1_lumin_a_r_1_1_project_1_1_g_p_s_location_1a82b5a26e4e28c35b755aac23dc70f57e" prot="package" static="yes" mutable="no">
        <type>ArrayList&lt; Location &gt;</type>
        <definition>ArrayList&lt;Location&gt; com.LuminAR.Project.GPSLocation.arrayOfLocations</definition>
        <argsstring></argsstring>
        <name>arrayOfLocations</name>
        <initializer>= new ArrayList&lt;Location&gt;()</initializer>
        <briefdescription>
        </briefdescription>
        <detaileddescription>
<para>Array for created Locations </para>        </detaileddescription>
        <inbodydescription>
        </inbodydescription>
        <location file="assets/plugins/android/com/LuminAR/Project/GPSLocation.java" line="49" column="1" bodyfile="assets/plugins/android/com/LuminAR/Project/GPSLocation.java" bodystart="49" bodyend="-1"/>
      </memberdef>
      <memberdef kind="variable" id="classcom_1_1_lumin_a_r_1_1_project_1_1_g_p_s_location_1af7f7783a70af7f6487f52884e959b219" prot="package" static="yes" mutable="no">
        <type>ArrayList&lt; Location &gt;</type>
        <definition>ArrayList&lt;Location&gt; com.LuminAR.Project.GPSLocation.oldArray</definition>
        <argsstring></argsstring>
        <name>oldArray</name>
        <initializer>= new ArrayList&lt;Location&gt;()</initializer>
        <briefdescription>
        </briefdescription>
        <detaileddescription>
        </detaileddescription>
        <inbodydescription>
        </inbodydescription>
        <location file="assets/plugins/android/com/LuminAR/Project/GPSLocation.java" line="50" column="1" bodyfile="assets/plugins/android/com/LuminAR/Project/GPSLocation.java" bodystart="50" bodyend="-1"/>
      </memberdef>
      </sectiondef>
      <sectiondef kind="public-static-func">
      <memberdef kind="function" id="classcom_1_1_lumin_a_r_1_1_project_1_1_g_p_s_location_1a5515f7e1df6cc75d4432f61ca1de2d61" prot="public" static="yes" const="no" explicit="no" inline="yes" virt="non-virtual">
        <type>void</type>
        <definition>static void com.LuminAR.Project.GPSLocation.startEventListeners</definition>
        <argsstring>()</argsstring>
        <name>startEventListeners</name>
        <briefdescription>
        </briefdescription>
        <detaileddescription>
        </detaileddescription>
        <inbodydescription>
<para>This function starts the event listeners. The event listeners are used to find the bearing of the user. The even listen uses the sensors in the device, in this case to get the bearing it uses the magnetometer. To find magnetic NORTH, SOUTH etc.</para>        </inbodydescription>
        <location file="assets/plugins/android/com/LuminAR/Project/GPSLocation.java" line="52" column="1" bodyfile="assets/plugins/android/com/LuminAR/Project/GPSLocation.java" bodystart="52" bodyend="71"/>
      </memberdef>
      <memberdef kind="function" id="classcom_1_1_lumin_a_r_1_1_project_1_1_g_p_s_location_1a62ffc3a56429e312ed74777b7a3d836b" prot="public" static="yes" const="no" explicit="no" inline="yes" virt="non-virtual">
        <type>void</type>
        <definition>static void com.LuminAR.Project.GPSLocation.startLocationListeners</definition>
        <argsstring>()</argsstring>
        <name>startLocationListeners</name>
        <briefdescription>
        </briefdescription>
        <detaileddescription>
<para>Starts the GPS stuff </para>        </detaileddescription>
        <inbodydescription>
<para>This function starts the location listener. The location listenser is used to find the location of the user. The location is found by accessing the device&apos;s GPS hardware and tracks a location.</para><para>The function also uses a network location listener. The network location listener is used to find the device&apos;s location using the network of the device. The location is set by the network and is not as accurate as the device&apos;s GPS sensor hardware.</para>        </inbodydescription>
        <location file="assets/plugins/android/com/LuminAR/Project/GPSLocation.java" line="74" column="1" bodyfile="assets/plugins/android/com/LuminAR/Project/GPSLocation.java" bodystart="74" bodyend="123"/>
      </memberdef>
      <memberdef kind="function" id="classcom_1_1_lumin_a_r_1_1_project_1_1_g_p_s_location_1ac54b608145cc9dd8a7311cbef757823c" prot="public" static="yes" const="no" explicit="no" inline="yes" virt="non-virtual">
        <type>String</type>
        <definition>static String com.LuminAR.Project.GPSLocation.getLocation</definition>
        <argsstring>()</argsstring>
        <name>getLocation</name>
        <briefdescription>
        </briefdescription>
        <detaileddescription>
<para>Returns the users location </para>        </detaileddescription>
        <inbodydescription>
<para>This function uses the location listeners to retrieve the location of the user&apos;s device.</para>        </inbodydescription>
        <location file="assets/plugins/android/com/LuminAR/Project/GPSLocation.java" line="175" column="1" bodyfile="assets/plugins/android/com/LuminAR/Project/GPSLocation.java" bodystart="175" bodyend="184"/>
      </memberdef>
      <memberdef kind="function" id="classcom_1_1_lumin_a_r_1_1_project_1_1_g_p_s_location_1aead49631012517461c4a732825717de3" prot="public" static="yes" const="no" explicit="no" inline="yes" virt="non-virtual">
        <type>void</type>
        <definition>static void com.LuminAR.Project.GPSLocation.createLocation</definition>
        <argsstring>(float gps_lat, float gps_long, String gps_desc)</argsstring>
        <name>createLocation</name>
        <param>
          <type>float</type>
          <declname>gps_lat</declname>
        </param>
        <param>
          <type>float</type>
          <declname>gps_long</declname>
        </param>
        <param>
          <type>String</type>
          <declname>gps_desc</declname>
        </param>
        <briefdescription>
        </briefdescription>
        <detaileddescription>
<para>Creates a new Location node and store in array of created Location Nodes </para>        </detaileddescription>
        <inbodydescription>
<para>This function is called by the Unity Plugins to create a new location. The location parameters are passed through the Unity Plugins. An array is created to store the locations. <parameterlist kind="param"><parameteritem>
<parameternamelist>
<parametername>gps_lat</parametername>
</parameternamelist>
<parameterdescription>
<para>This is the value of the GPS LATITUDE to be stored, passed in from the unity plugin. </para></parameterdescription>
</parameteritem>
<parameteritem>
<parameternamelist>
<parametername>gps_long</parametername>
</parameternamelist>
<parameterdescription>
<para>This is the value of the GPS LONGITUDE to be stored, passed in from the unity plugin. </para></parameterdescription>
</parameteritem>
<parameteritem>
<parameternamelist>
<parametername>gps_desc</parametername>
</parameternamelist>
<parameterdescription>
<para>This is the value of the GPS DESCRIPTION to be stored, passed in from the unity plugin. </para></parameterdescription>
</parameteritem>
</parameterlist>
<simplesect kind="see"><para><ref refid="_database_connect_8cs" kindref="compound">DatabaseConnect.cs</ref> </para></simplesect>
<simplesect kind="see"><para><ref refid="_database_download_8cs" kindref="compound">DatabaseDownload.cs</ref> </para></simplesect>
<simplesect kind="see"><para><ref refid="_database_functions_8cs" kindref="compound">DatabaseFunctions.cs</ref></para></simplesect>
</para>        </inbodydescription>
        <location file="assets/plugins/android/com/LuminAR/Project/GPSLocation.java" line="187" column="1" bodyfile="assets/plugins/android/com/LuminAR/Project/GPSLocation.java" bodystart="187" bodyend="206"/>
      </memberdef>
      <memberdef kind="function" id="classcom_1_1_lumin_a_r_1_1_project_1_1_g_p_s_location_1a375a19a126b3b9438e7475a3cf1d9ba1" prot="public" static="yes" const="no" explicit="no" inline="yes" virt="non-virtual">
        <type>void</type>
        <definition>static void com.LuminAR.Project.GPSLocation.storeLocation</definition>
        <argsstring>(Location location)</argsstring>
        <name>storeLocation</name>
        <param>
          <type>Location</type>
          <declname>location</declname>
        </param>
        <briefdescription>
        </briefdescription>
        <detaileddescription>
        </detaileddescription>
        <inbodydescription>
<para>This function is called to store the inserted gps coordinates in to an array.</para>        </inbodydescription>
        <location file="assets/plugins/android/com/LuminAR/Project/GPSLocation.java" line="208" column="1" bodyfile="assets/plugins/android/com/LuminAR/Project/GPSLocation.java" bodystart="208" bodyend="213"/>
      </memberdef>
      <memberdef kind="function" id="classcom_1_1_lumin_a_r_1_1_project_1_1_g_p_s_location_1a70b26b86f5b62057006ad8855e861445" prot="public" static="yes" const="no" explicit="no" inline="yes" virt="non-virtual">
        <type>void</type>
        <definition>static void com.LuminAR.Project.GPSLocation.editLocation</definition>
        <argsstring>(int id, float gps_lat, float gps_long, String gps_desc)</argsstring>
        <name>editLocation</name>
        <param>
          <type>int</type>
          <declname>id</declname>
        </param>
        <param>
          <type>float</type>
          <declname>gps_lat</declname>
        </param>
        <param>
          <type>float</type>
          <declname>gps_long</declname>
        </param>
        <param>
          <type>String</type>
          <declname>gps_desc</declname>
        </param>
        <briefdescription>
        </briefdescription>
        <detaileddescription>
        </detaileddescription>
        <inbodydescription>
<para>This function is called by the Unity Plugins to edit a location. The location parameters are passed through the Unity Plugins. <parameterlist kind="param"><parameteritem>
<parameternamelist>
<parametername>id</parametername>
</parameternamelist>
<parameterdescription>
<para>This is the value of the GPS ID that will be edited, passed in from the unity plugin. </para></parameterdescription>
</parameteritem>
<parameteritem>
<parameternamelist>
<parametername>gps_lat</parametername>
</parameternamelist>
<parameterdescription>
<para>This is the value of the GPS LATITUDE to be stored, passed in from the unity plugin. </para></parameterdescription>
</parameteritem>
<parameteritem>
<parameternamelist>
<parametername>gps_long</parametername>
</parameternamelist>
<parameterdescription>
<para>This is the value of the GPS LONGITUDE to be stored, passed in from the unity plugin. </para></parameterdescription>
</parameteritem>
<parameteritem>
<parameternamelist>
<parametername>gps_desc</parametername>
</parameternamelist>
<parameterdescription>
<para>This is the value of the GPS DESCRIPTION to be stored, passed in from the unity plugin. </para></parameterdescription>
</parameteritem>
</parameterlist>
<simplesect kind="see"><para><ref refid="_database_functions_8cs" kindref="compound">DatabaseFunctions.cs</ref></para></simplesect>
</para>        </inbodydescription>
        <location file="assets/plugins/android/com/LuminAR/Project/GPSLocation.java" line="215" column="1" bodyfile="assets/plugins/android/com/LuminAR/Project/GPSLocation.java" bodystart="215" bodyend="230"/>
      </memberdef>
      <memberdef kind="function" id="classcom_1_1_lumin_a_r_1_1_project_1_1_g_p_s_location_1ab26b775ef81af62bc7e8d1e8161b0d03" prot="public" static="yes" const="no" explicit="no" inline="yes" virt="non-virtual">
        <type>void</type>
        <definition>static void com.LuminAR.Project.GPSLocation.deleteLocation</definition>
        <argsstring>(int id)</argsstring>
        <name>deleteLocation</name>
        <param>
          <type>int</type>
          <declname>id</declname>
        </param>
        <briefdescription>
        </briefdescription>
        <detaileddescription>
        </detaileddescription>
        <inbodydescription>
<para>This function is used to delete a gps node at a given ID. <parameterlist kind="param"><parameteritem>
<parameternamelist>
<parametername>id</parametername>
</parameternamelist>
<parameterdescription>
<para>This value is the id of the gps node to delete in the array.</para></parameterdescription>
</parameteritem>
</parameterlist>
</para>        </inbodydescription>
        <location file="assets/plugins/android/com/LuminAR/Project/GPSLocation.java" line="232" column="1" bodyfile="assets/plugins/android/com/LuminAR/Project/GPSLocation.java" bodystart="232" bodyend="238"/>
      </memberdef>
      <memberdef kind="function" id="classcom_1_1_lumin_a_r_1_1_project_1_1_g_p_s_location_1a446db12ade6928066885faffa014daa2" prot="public" static="yes" const="no" explicit="no" inline="yes" virt="non-virtual">
        <type>String</type>
        <definition>static String com.LuminAR.Project.GPSLocation.getLocationArray</definition>
        <argsstring>()</argsstring>
        <name>getLocationArray</name>
        <briefdescription>
        </briefdescription>
        <detaileddescription>
        </detaileddescription>
        <inbodydescription>
<para>This function is used to retrieve the array of nodes.</para>        </inbodydescription>
        <location file="assets/plugins/android/com/LuminAR/Project/GPSLocation.java" line="240" column="1" bodyfile="assets/plugins/android/com/LuminAR/Project/GPSLocation.java" bodystart="240" bodyend="245"/>
      </memberdef>
      <memberdef kind="function" id="classcom_1_1_lumin_a_r_1_1_project_1_1_g_p_s_location_1a802f8711dca1843847b455069a832c1a" prot="public" static="yes" const="no" explicit="no" inline="yes" virt="non-virtual">
        <type>Location</type>
        <definition>static Location com.LuminAR.Project.GPSLocation.getLocationAt</definition>
        <argsstring>(int id)</argsstring>
        <name>getLocationAt</name>
        <param>
          <type>int</type>
          <declname>id</declname>
        </param>
        <briefdescription>
        </briefdescription>
        <detaileddescription>
        </detaileddescription>
        <inbodydescription>
<para>This funciton is used to get a location at the id that is specified. <parameterlist kind="param"><parameteritem>
<parameternamelist>
<parametername>id</parametername>
</parameternamelist>
<parameterdescription>
<para>This value is set and called from another function.</para></parameterdescription>
</parameteritem>
</parameterlist>
</para>        </inbodydescription>
        <location file="assets/plugins/android/com/LuminAR/Project/GPSLocation.java" line="247" column="1" bodyfile="assets/plugins/android/com/LuminAR/Project/GPSLocation.java" bodystart="247" bodyend="258"/>
      </memberdef>
      <memberdef kind="function" id="classcom_1_1_lumin_a_r_1_1_project_1_1_g_p_s_location_1a82d69bd148980bb4b1a44f6ecc55f286" prot="public" static="yes" const="no" explicit="no" inline="yes" virt="non-virtual">
        <type>String</type>
        <definition>static String com.LuminAR.Project.GPSLocation.getDistanceTo</definition>
        <argsstring>(float setDistance)</argsstring>
        <name>getDistanceTo</name>
        <param>
          <type>float</type>
          <declname>setDistance</declname>
        </param>
        <briefdescription>
        </briefdescription>
        <detaileddescription>
        </detaileddescription>
        <inbodydescription>
<para>This function is used to get the distances of the user from the stored gps nodes. <parameterlist kind="param"><parameteritem>
<parameternamelist>
<parametername>setDistance</parametername>
</parameternamelist>
<parameterdescription>
<para>This value is set from the Unity Plugin to set the maximum distance of nodes to show.</para></parameterdescription>
</parameteritem>
</parameterlist>
</para>        </inbodydescription>
        <location file="assets/plugins/android/com/LuminAR/Project/GPSLocation.java" line="260" column="1" bodyfile="assets/plugins/android/com/LuminAR/Project/GPSLocation.java" bodystart="260" bodyend="274"/>
      </memberdef>
      <memberdef kind="function" id="classcom_1_1_lumin_a_r_1_1_project_1_1_g_p_s_location_1affe9cfc7a944c0cda2af053c3328f24c" prot="public" static="yes" const="no" explicit="no" inline="yes" virt="non-virtual">
        <type>float</type>
        <definition>static float com.LuminAR.Project.GPSLocation.getX</definition>
        <argsstring>()</argsstring>
        <name>getX</name>
        <briefdescription>
        </briefdescription>
        <detaileddescription>
<para>Bearing Stuff </para>        </detaileddescription>
        <inbodydescription>
        </inbodydescription>
        <location file="assets/plugins/android/com/LuminAR/Project/GPSLocation.java" line="278" column="1" bodyfile="assets/plugins/android/com/LuminAR/Project/GPSLocation.java" bodystart="278" bodyend="280"/>
      </memberdef>
      <memberdef kind="function" id="classcom_1_1_lumin_a_r_1_1_project_1_1_g_p_s_location_1a136f2a911ef711cf59d63621eff24556" prot="public" static="yes" const="no" explicit="no" inline="yes" virt="non-virtual">
        <type>float</type>
        <definition>static float com.LuminAR.Project.GPSLocation.getY</definition>
        <argsstring>()</argsstring>
        <name>getY</name>
        <briefdescription>
        </briefdescription>
        <detaileddescription>
        </detaileddescription>
        <inbodydescription>
        </inbodydescription>
        <location file="assets/plugins/android/com/LuminAR/Project/GPSLocation.java" line="282" column="1" bodyfile="assets/plugins/android/com/LuminAR/Project/GPSLocation.java" bodystart="282" bodyend="284"/>
      </memberdef>
      <memberdef kind="function" id="classcom_1_1_lumin_a_r_1_1_project_1_1_g_p_s_location_1a020d6cb74a42280e2b662d53d9e074ba" prot="public" static="yes" const="no" explicit="no" inline="yes" virt="non-virtual">
        <type>float</type>
        <definition>static float com.LuminAR.Project.GPSLocation.getZ</definition>
        <argsstring>()</argsstring>
        <name>getZ</name>
        <briefdescription>
        </briefdescription>
        <detaileddescription>
        </detaileddescription>
        <inbodydescription>
        </inbodydescription>
        <location file="assets/plugins/android/com/LuminAR/Project/GPSLocation.java" line="286" column="1" bodyfile="assets/plugins/android/com/LuminAR/Project/GPSLocation.java" bodystart="286" bodyend="288"/>
      </memberdef>
      <memberdef kind="function" id="classcom_1_1_lumin_a_r_1_1_project_1_1_g_p_s_location_1a96741530d46c4b97c2cdc741c0ed58f5" prot="public" static="yes" const="no" explicit="no" inline="yes" virt="non-virtual">
        <type>float</type>
        <definition>static float com.LuminAR.Project.GPSLocation.getDegrees</definition>
        <argsstring>()</argsstring>
        <name>getDegrees</name>
        <briefdescription>
        </briefdescription>
        <detaileddescription>
        </detaileddescription>
        <inbodydescription>
        </inbodydescription>
        <location file="assets/plugins/android/com/LuminAR/Project/GPSLocation.java" line="289" column="1" bodyfile="assets/plugins/android/com/LuminAR/Project/GPSLocation.java" bodystart="289" bodyend="291"/>
      </memberdef>
      </sectiondef>
      <sectiondef kind="protected-func">
      <memberdef kind="function" id="classcom_1_1_lumin_a_r_1_1_project_1_1_g_p_s_location_1a039a34d890377faf0299724d1cdcdf4d" prot="protected" static="no" const="no" explicit="no" inline="yes" virt="non-virtual">
        <type>void</type>
        <definition>void com.LuminAR.Project.GPSLocation.onCreate</definition>
        <argsstring>(Bundle myBundle)</argsstring>
        <name>onCreate</name>
        <param>
          <type>Bundle</type>
          <declname>myBundle</declname>
        </param>
        <briefdescription>
        </briefdescription>
        <detaileddescription>
        </detaileddescription>
        <inbodydescription>
<para>This function assigns the services to be started and starts the location and event listeners. This is started when the plugin is loaded.</para>        </inbodydescription>
        <location file="assets/plugins/android/com/LuminAR/Project/GPSLocation.java" line="125" column="1" bodyfile="assets/plugins/android/com/LuminAR/Project/GPSLocation.java" bodystart="125" bodyend="137"/>
      </memberdef>
      <memberdef kind="function" id="classcom_1_1_lumin_a_r_1_1_project_1_1_g_p_s_location_1a8191c105c02d4397b7d38086c777007a" prot="protected" static="no" const="no" explicit="no" inline="yes" virt="non-virtual">
        <type>void</type>
        <definition>void com.LuminAR.Project.GPSLocation.onResume</definition>
        <argsstring>()</argsstring>
        <name>onResume</name>
        <briefdescription>
        </briefdescription>
        <detaileddescription>
        </detaileddescription>
        <inbodydescription>
<para>If there is a connection loss then when the application comes back it will resume the listeners.</para>        </inbodydescription>
        <location file="assets/plugins/android/com/LuminAR/Project/GPSLocation.java" line="139" column="1" bodyfile="assets/plugins/android/com/LuminAR/Project/GPSLocation.java" bodystart="139" bodyend="149"/>
      </memberdef>
      <memberdef kind="function" id="classcom_1_1_lumin_a_r_1_1_project_1_1_g_p_s_location_1ae14378908ad3f06ca14674489ff3c242" prot="protected" static="no" const="no" explicit="no" inline="yes" virt="non-virtual">
        <type>void</type>
        <definition>void com.LuminAR.Project.GPSLocation.onPause</definition>
        <argsstring>()</argsstring>
        <name>onPause</name>
        <briefdescription>
        </briefdescription>
        <detaileddescription>
        </detaileddescription>
        <inbodydescription>
<para>When the conneciton is paused the listeners should be paused to. This makes sure there is an effecient use of the listeners.</para>        </inbodydescription>
        <location file="assets/plugins/android/com/LuminAR/Project/GPSLocation.java" line="151" column="1" bodyfile="assets/plugins/android/com/LuminAR/Project/GPSLocation.java" bodystart="151" bodyend="161"/>
      </memberdef>
      <memberdef kind="function" id="classcom_1_1_lumin_a_r_1_1_project_1_1_g_p_s_location_1acb9e14cce95d5edc711093c24c508dbd" prot="protected" static="no" const="no" explicit="no" inline="yes" virt="non-virtual">
        <type>void</type>
        <definition>void com.LuminAR.Project.GPSLocation.onStop</definition>
        <argsstring>()</argsstring>
        <name>onStop</name>
        <briefdescription>
        </briefdescription>
        <detaileddescription>
        </detaileddescription>
        <inbodydescription>
<para>When the application is stopped the listeners must be stopped too. For obvious reasons.</para>        </inbodydescription>
        <location file="assets/plugins/android/com/LuminAR/Project/GPSLocation.java" line="163" column="1" bodyfile="assets/plugins/android/com/LuminAR/Project/GPSLocation.java" bodystart="163" bodyend="173"/>
      </memberdef>
      </sectiondef>
    <briefdescription>
    </briefdescription>
    <detaileddescription>
    </detaileddescription>
    <inheritancegraph>
      <node id="15">
        <label>UnityPlayerActivity</label>
      </node>
      <node id="14">
        <label>com.LuminAR.Project.GPSLocation</label>
        <link refid="classcom_1_1_lumin_a_r_1_1_project_1_1_g_p_s_location"/>
        <childnode refid="15" relation="public-inheritance">
        </childnode>
      </node>
    </inheritancegraph>
    <collaborationgraph>
      <node id="22">
        <label>ArrayList&lt; Location &gt;</label>
      </node>
      <node id="24">
        <label>SensorEventListener</label>
      </node>
      <node id="19">
        <label>Sensor</label>
      </node>
      <node id="17">
        <label>UnityPlayerActivity</label>
      </node>
      <node id="18">
        <label>LocationListener</label>
      </node>
      <node id="16">
        <label>com.LuminAR.Project.GPSLocation</label>
        <link refid="classcom_1_1_lumin_a_r_1_1_project_1_1_g_p_s_location"/>
        <childnode refid="17" relation="public-inheritance">
        </childnode>
        <childnode refid="18" relation="usage">
          <edgelabel>gpsLocationListener</edgelabel>
          <edgelabel>networkLocationListener</edgelabel>
        </childnode>
        <childnode refid="19" relation="usage">
          <edgelabel>mSensor</edgelabel>
        </childnode>
        <childnode refid="20" relation="usage">
          <edgelabel>myLocationManager</edgelabel>
        </childnode>
        <childnode refid="21" relation="usage">
          <edgelabel>mSensorManager</edgelabel>
        </childnode>
        <childnode refid="22" relation="usage">
          <edgelabel>oldArray</edgelabel>
          <edgelabel>arrayOfLocations</edgelabel>
        </childnode>
        <childnode refid="23" relation="usage">
          <edgelabel>currentLocation</edgelabel>
        </childnode>
        <childnode refid="24" relation="usage">
          <edgelabel>mListener</edgelabel>
        </childnode>
      </node>
      <node id="20">
        <label>LocationManager</label>
      </node>
      <node id="23">
        <label>Location</label>
      </node>
      <node id="21">
        <label>SensorManager</label>
      </node>
    </collaborationgraph>
    <location file="assets/plugins/android/com/LuminAR/Project/GPSLocation.java" line="26" column="1" bodyfile="assets/plugins/android/com/LuminAR/Project/GPSLocation.java" bodystart="26" bodyend="292"/>
    <listofallmembers>
      <member refid="classcom_1_1_lumin_a_r_1_1_project_1_1_g_p_s_location_1a82b5a26e4e28c35b755aac23dc70f57e" prot="package" virt="non-virtual"><scope>com::LuminAR::Project::GPSLocation</scope><name>arrayOfLocations</name></member>
      <member refid="classcom_1_1_lumin_a_r_1_1_project_1_1_g_p_s_location_1aead49631012517461c4a732825717de3" prot="public" virt="non-virtual"><scope>com::LuminAR::Project::GPSLocation</scope><name>createLocation</name></member>
      <member refid="classcom_1_1_lumin_a_r_1_1_project_1_1_g_p_s_location_1a89f42d37ba5b950d833c6462e8ff4139" prot="public" virt="non-virtual"><scope>com::LuminAR::Project::GPSLocation</scope><name>currentLocation</name></member>
      <member refid="classcom_1_1_lumin_a_r_1_1_project_1_1_g_p_s_location_1aefd9cf4a3e1454db5602fcccb21ad53a" prot="public" virt="non-virtual"><scope>com::LuminAR::Project::GPSLocation</scope><name>degrees</name></member>
      <member refid="classcom_1_1_lumin_a_r_1_1_project_1_1_g_p_s_location_1ab26b775ef81af62bc7e8d1e8161b0d03" prot="public" virt="non-virtual"><scope>com::LuminAR::Project::GPSLocation</scope><name>deleteLocation</name></member>
      <member refid="classcom_1_1_lumin_a_r_1_1_project_1_1_g_p_s_location_1a70b26b86f5b62057006ad8855e861445" prot="public" virt="non-virtual"><scope>com::LuminAR::Project::GPSLocation</scope><name>editLocation</name></member>
      <member refid="classcom_1_1_lumin_a_r_1_1_project_1_1_g_p_s_location_1a96741530d46c4b97c2cdc741c0ed58f5" prot="public" virt="non-virtual"><scope>com::LuminAR::Project::GPSLocation</scope><name>getDegrees</name></member>
      <member refid="classcom_1_1_lumin_a_r_1_1_project_1_1_g_p_s_location_1a82d69bd148980bb4b1a44f6ecc55f286" prot="public" virt="non-virtual"><scope>com::LuminAR::Project::GPSLocation</scope><name>getDistanceTo</name></member>
      <member refid="classcom_1_1_lumin_a_r_1_1_project_1_1_g_p_s_location_1ac54b608145cc9dd8a7311cbef757823c" prot="public" virt="non-virtual"><scope>com::LuminAR::Project::GPSLocation</scope><name>getLocation</name></member>
      <member refid="classcom_1_1_lumin_a_r_1_1_project_1_1_g_p_s_location_1a446db12ade6928066885faffa014daa2" prot="public" virt="non-virtual"><scope>com::LuminAR::Project::GPSLocation</scope><name>getLocationArray</name></member>
      <member refid="classcom_1_1_lumin_a_r_1_1_project_1_1_g_p_s_location_1a802f8711dca1843847b455069a832c1a" prot="public" virt="non-virtual"><scope>com::LuminAR::Project::GPSLocation</scope><name>getLocationAt</name></member>
      <member refid="classcom_1_1_lumin_a_r_1_1_project_1_1_g_p_s_location_1affe9cfc7a944c0cda2af053c3328f24c" prot="public" virt="non-virtual"><scope>com::LuminAR::Project::GPSLocation</scope><name>getX</name></member>
      <member refid="classcom_1_1_lumin_a_r_1_1_project_1_1_g_p_s_location_1a136f2a911ef711cf59d63621eff24556" prot="public" virt="non-virtual"><scope>com::LuminAR::Project::GPSLocation</scope><name>getY</name></member>
      <member refid="classcom_1_1_lumin_a_r_1_1_project_1_1_g_p_s_location_1a020d6cb74a42280e2b662d53d9e074ba" prot="public" virt="non-virtual"><scope>com::LuminAR::Project::GPSLocation</scope><name>getZ</name></member>
      <member refid="classcom_1_1_lumin_a_r_1_1_project_1_1_g_p_s_location_1a5a2ed9b8524fe1811b98d45a2962ffbd" prot="package" virt="non-virtual"><scope>com::LuminAR::Project::GPSLocation</scope><name>gpsLocationListener</name></member>
      <member refid="classcom_1_1_lumin_a_r_1_1_project_1_1_g_p_s_location_1aa6af3afbb75842e4475ea2f5c86d836b" prot="package" virt="non-virtual"><scope>com::LuminAR::Project::GPSLocation</scope><name>mListener</name></member>
      <member refid="classcom_1_1_lumin_a_r_1_1_project_1_1_g_p_s_location_1a2b584f1c5d93efd149adb32a53a66b5b" prot="public" virt="non-virtual"><scope>com::LuminAR::Project::GPSLocation</scope><name>mSensor</name></member>
      <member refid="classcom_1_1_lumin_a_r_1_1_project_1_1_g_p_s_location_1a9a4fd6ba238852346e3e0dd2cab153c3" prot="public" virt="non-virtual"><scope>com::LuminAR::Project::GPSLocation</scope><name>mSensorManager</name></member>
      <member refid="classcom_1_1_lumin_a_r_1_1_project_1_1_g_p_s_location_1a02b1c61aac788bc4fbc3702ad2a1f6e7" prot="public" virt="non-virtual"><scope>com::LuminAR::Project::GPSLocation</scope><name>myLocationManager</name></member>
      <member refid="classcom_1_1_lumin_a_r_1_1_project_1_1_g_p_s_location_1abf77908a2a0e0da68dc631480f906964" prot="package" virt="non-virtual"><scope>com::LuminAR::Project::GPSLocation</scope><name>networkLocationListener</name></member>
      <member refid="classcom_1_1_lumin_a_r_1_1_project_1_1_g_p_s_location_1af7f7783a70af7f6487f52884e959b219" prot="package" virt="non-virtual"><scope>com::LuminAR::Project::GPSLocation</scope><name>oldArray</name></member>
      <member refid="classcom_1_1_lumin_a_r_1_1_project_1_1_g_p_s_location_1a039a34d890377faf0299724d1cdcdf4d" prot="protected" virt="non-virtual"><scope>com::LuminAR::Project::GPSLocation</scope><name>onCreate</name></member>
      <member refid="classcom_1_1_lumin_a_r_1_1_project_1_1_g_p_s_location_1ae14378908ad3f06ca14674489ff3c242" prot="protected" virt="non-virtual"><scope>com::LuminAR::Project::GPSLocation</scope><name>onPause</name></member>
      <member refid="classcom_1_1_lumin_a_r_1_1_project_1_1_g_p_s_location_1a8191c105c02d4397b7d38086c777007a" prot="protected" virt="non-virtual"><scope>com::LuminAR::Project::GPSLocation</scope><name>onResume</name></member>
      <member refid="classcom_1_1_lumin_a_r_1_1_project_1_1_g_p_s_location_1acb9e14cce95d5edc711093c24c508dbd" prot="protected" virt="non-virtual"><scope>com::LuminAR::Project::GPSLocation</scope><name>onStop</name></member>
      <member refid="classcom_1_1_lumin_a_r_1_1_project_1_1_g_p_s_location_1a5515f7e1df6cc75d4432f61ca1de2d61" prot="public" virt="non-virtual"><scope>com::LuminAR::Project::GPSLocation</scope><name>startEventListeners</name></member>
      <member refid="classcom_1_1_lumin_a_r_1_1_project_1_1_g_p_s_location_1a62ffc3a56429e312ed74777b7a3d836b" prot="public" virt="non-virtual"><scope>com::LuminAR::Project::GPSLocation</scope><name>startLocationListeners</name></member>
      <member refid="classcom_1_1_lumin_a_r_1_1_project_1_1_g_p_s_location_1a375a19a126b3b9438e7475a3cf1d9ba1" prot="public" virt="non-virtual"><scope>com::LuminAR::Project::GPSLocation</scope><name>storeLocation</name></member>
      <member refid="classcom_1_1_lumin_a_r_1_1_project_1_1_g_p_s_location_1a27200adb171e5af258a30141b5300bb4" prot="private" virt="non-virtual"><scope>com::LuminAR::Project::GPSLocation</scope><name>TAG</name></member>
      <member refid="classcom_1_1_lumin_a_r_1_1_project_1_1_g_p_s_location_1a8f0487592da77ffab1e56f362c5a970e" prot="private" virt="non-virtual"><scope>com::LuminAR::Project::GPSLocation</scope><name>TAGCOMPASS</name></member>
      <member refid="classcom_1_1_lumin_a_r_1_1_project_1_1_g_p_s_location_1ab5c662d0e4fb14a1dee8ce32fd676b48" prot="public" virt="non-virtual"><scope>com::LuminAR::Project::GPSLocation</scope><name>xmag</name></member>
      <member refid="classcom_1_1_lumin_a_r_1_1_project_1_1_g_p_s_location_1a00cb85c5cd88fe21120c35bf6aebd1a0" prot="public" virt="non-virtual"><scope>com::LuminAR::Project::GPSLocation</scope><name>ymag</name></member>
      <member refid="classcom_1_1_lumin_a_r_1_1_project_1_1_g_p_s_location_1ae499bb6065c43d96a052981086fb68e4" prot="public" virt="non-virtual"><scope>com::LuminAR::Project::GPSLocation</scope><name>zmag</name></member>
    </listofallmembers>
  </compounddef>
</doxygen>
