<?xml version='1.0' encoding='UTF-8' standalone='no'?>
<doxygen xmlns:xsi="http://www.w3.org/2001/XMLSchema-instance" xsi:noNamespaceSchemaLocation="compound.xsd" version="1.8.10">
  <compounddef id="class_lumin_a_r_1_1_project_1_1_database_download" kind="class" language="C#" prot="public">
    <compoundname>LuminAR::Project::DatabaseDownload</compoundname>
    <basecompoundref prot="public" virt="non-virtual">MonoBehaviour</basecompoundref>
      <sectiondef kind="public-attrib">
      <memberdef kind="variable" id="class_lumin_a_r_1_1_project_1_1_database_download_1af95df66911c88c9726154f267e0a886f" prot="public" static="no" mutable="no">
        <type>string</type>
        <definition>string LuminAR.Project.DatabaseDownload.fileLocation</definition>
        <argsstring></argsstring>
        <name>fileLocation</name>
        <briefdescription>
        </briefdescription>
        <detaileddescription>
<para>String which holds the path of where to save the downloaded database, Can be set in the Unity Inspector </para>        </detaileddescription>
        <inbodydescription>
        </inbodydescription>
        <location file="assets/plugins/DatabaseDownload.cs" line="14" column="1" bodyfile="assets/plugins/DatabaseDownload.cs" bodystart="14" bodyend="-1"/>
      </memberdef>
      <memberdef kind="variable" id="class_lumin_a_r_1_1_project_1_1_database_download_1a2c00eaab048068bcc6fc271294cd38da" prot="public" static="no" mutable="no">
        <type>string</type>
        <definition>string LuminAR.Project.DatabaseDownload.url</definition>
        <argsstring></argsstring>
        <name>url</name>
        <initializer>= &quot;http://www.nzwheelsonline.com/AHCI/gpsnodes.sqlite&quot;</initializer>
        <briefdescription>
        </briefdescription>
        <detaileddescription>
<para>String that holds the URL address which specifies where to download the database file from, Can be set in the Unity Inspector </para>        </detaileddescription>
        <inbodydescription>
        </inbodydescription>
        <location file="assets/plugins/DatabaseDownload.cs" line="17" column="1" bodyfile="assets/plugins/DatabaseDownload.cs" bodystart="17" bodyend="-1"/>
      </memberdef>
      </sectiondef>
      <sectiondef kind="private-attrib">
      <memberdef kind="variable" id="class_lumin_a_r_1_1_project_1_1_database_download_1a7db41d859bd7cf58918e3e952f5845de" prot="private" static="no" mutable="no">
        <type>WWW</type>
        <definition>WWW LuminAR.Project.DatabaseDownload.www</definition>
        <argsstring></argsstring>
        <name>www</name>
        <briefdescription>
        </briefdescription>
        <detaileddescription>
        </detaileddescription>
        <inbodydescription>
        </inbodydescription>
        <location file="assets/plugins/DatabaseDownload.cs" line="19" column="1" bodyfile="assets/plugins/DatabaseDownload.cs" bodystart="19" bodyend="-1"/>
      </memberdef>
      </sectiondef>
      <sectiondef kind="public-func">
      <memberdef kind="function" id="class_lumin_a_r_1_1_project_1_1_database_download_1ad9dc9780ca5628cbb61a67dcd1ec875e" prot="public" static="no" const="no" explicit="no" inline="yes" virt="non-virtual">
        <type>IEnumerator</type>
        <definition>IEnumerator LuminAR.Project.DatabaseDownload.Start</definition>
        <argsstring>()</argsstring>
        <name>Start</name>
        <briefdescription>
        </briefdescription>
        <detaileddescription>
        </detaileddescription>
        <inbodydescription>
<para>The function that starts the download of the database. fileLocation The location path of where to save the downloaded database. url The URL of where to download the database from. www The WWW class used to retieve content from URLs. <simplesect kind="see"><para><ref refid="_database_connect_8cs" kindref="compound">DatabaseConnect.cs</ref></para></simplesect>
</para>        </inbodydescription>
        <location file="assets/plugins/DatabaseDownload.cs" line="21" column="1" bodyfile="assets/plugins/DatabaseDownload.cs" bodystart="21" bodyend="39"/>
      </memberdef>
      </sectiondef>
    <briefdescription>
    </briefdescription>
    <detaileddescription>
    </detaileddescription>
    <inheritancegraph>
      <node id="4">
        <label>LuminAR.Project.DatabaseDownload</label>
        <link refid="class_lumin_a_r_1_1_project_1_1_database_download"/>
        <childnode refid="5" relation="public-inheritance">
        </childnode>
      </node>
      <node id="5">
        <label>MonoBehaviour</label>
      </node>
    </inheritancegraph>
    <collaborationgraph>
      <node id="6">
        <label>LuminAR.Project.DatabaseDownload</label>
        <link refid="class_lumin_a_r_1_1_project_1_1_database_download"/>
        <childnode refid="7" relation="public-inheritance">
        </childnode>
      </node>
      <node id="7">
        <label>MonoBehaviour</label>
      </node>
    </collaborationgraph>
    <location file="assets/plugins/DatabaseDownload.cs" line="10" column="1" bodyfile="assets/plugins/DatabaseDownload.cs" bodystart="10" bodyend="41"/>
    <listofallmembers>
      <member refid="class_lumin_a_r_1_1_project_1_1_database_download_1af95df66911c88c9726154f267e0a886f" prot="public" virt="non-virtual"><scope>LuminAR::Project::DatabaseDownload</scope><name>fileLocation</name></member>
      <member refid="class_lumin_a_r_1_1_project_1_1_database_download_1ad9dc9780ca5628cbb61a67dcd1ec875e" prot="public" virt="non-virtual"><scope>LuminAR::Project::DatabaseDownload</scope><name>Start</name></member>
      <member refid="class_lumin_a_r_1_1_project_1_1_database_download_1a2c00eaab048068bcc6fc271294cd38da" prot="public" virt="non-virtual"><scope>LuminAR::Project::DatabaseDownload</scope><name>url</name></member>
      <member refid="class_lumin_a_r_1_1_project_1_1_database_download_1a7db41d859bd7cf58918e3e952f5845de" prot="private" virt="non-virtual"><scope>LuminAR::Project::DatabaseDownload</scope><name>www</name></member>
    </listofallmembers>
  </compounddef>
</doxygen>
