<?xml version='1.0' encoding='UTF-8' standalone='no'?>
<doxygen xmlns:xsi="http://www.w3.org/2001/XMLSchema-instance" xsi:noNamespaceSchemaLocation="compound.xsd" version="1.8.10">
  <compounddef id="class_lumin_a_r_1_1_project_1_1_database_connect" kind="class" language="C#" prot="public">
    <compoundname>LuminAR::Project::DatabaseConnect</compoundname>
      <sectiondef kind="public-attrib">
      <memberdef kind="variable" id="class_lumin_a_r_1_1_project_1_1_database_connect_1ac8f244c5fec19aa85162cae037e208b0" prot="public" static="no" mutable="no">
        <type>string</type>
        <definition>string LuminAR.Project.DatabaseConnect.dbName</definition>
        <argsstring></argsstring>
        <name>dbName</name>
        <initializer>= &quot;gpsnodes.sqlite&quot;</initializer>
        <briefdescription>
        </briefdescription>
        <detaileddescription>
<para>String which holds the database name, Can be set in the Unity Inspector </para>        </detaileddescription>
        <inbodydescription>
        </inbodydescription>
        <location file="assets/plugins/DatabaseConnect.cs" line="12" column="1" bodyfile="assets/plugins/DatabaseConnect.cs" bodystart="12" bodyend="-1"/>
      </memberdef>
      <memberdef kind="variable" id="class_lumin_a_r_1_1_project_1_1_database_connect_1a17c0e3616c5e305bb6632bb73d977710" prot="public" static="no" mutable="no">
        <type>string</type>
        <definition>string LuminAR.Project.DatabaseConnect.tableName</definition>
        <argsstring></argsstring>
        <name>tableName</name>
        <initializer>= &quot;nodes&quot;</initializer>
        <briefdescription>
        </briefdescription>
        <detaileddescription>
<para>String which holds the table name, Can be set in the Unity Inspector </para>        </detaileddescription>
        <inbodydescription>
        </inbodydescription>
        <location file="assets/plugins/DatabaseConnect.cs" line="15" column="1" bodyfile="assets/plugins/DatabaseConnect.cs" bodystart="15" bodyend="-1"/>
      </memberdef>
      <memberdef kind="variable" id="class_lumin_a_r_1_1_project_1_1_database_connect_1a57399c3680233d3134b37ff1cb43aaba" prot="public" static="no" mutable="no">
        <type>string</type>
        <definition>string LuminAR.Project.DatabaseConnect.fileLocation</definition>
        <argsstring></argsstring>
        <name>fileLocation</name>
        <briefdescription>
        </briefdescription>
        <detaileddescription>
<para>String which holds the path of the database file, Can be set in the Unity Inspector </para>        </detaileddescription>
        <inbodydescription>
        </inbodydescription>
        <location file="assets/plugins/DatabaseConnect.cs" line="19" column="1" bodyfile="assets/plugins/DatabaseConnect.cs" bodystart="19" bodyend="-1"/>
      </memberdef>
      <memberdef kind="variable" id="class_lumin_a_r_1_1_project_1_1_database_connect_1afcb6b535bf4ecb303f90d75b2160e9ae" prot="public" static="no" mutable="no">
        <type>int</type>
        <definition>int LuminAR.Project.DatabaseConnect.locationID</definition>
        <argsstring></argsstring>
        <name>locationID</name>
        <initializer>= 0</initializer>
        <briefdescription>
        </briefdescription>
        <detaileddescription>
<para>Int of the ID of a location (admin use only) that is the target of edit/delete, Can be set in the Unity Inspector </para>        </detaileddescription>
        <inbodydescription>
        </inbodydescription>
        <location file="assets/plugins/DatabaseConnect.cs" line="23" column="1" bodyfile="assets/plugins/DatabaseConnect.cs" bodystart="23" bodyend="-1"/>
      </memberdef>
      <memberdef kind="variable" id="class_lumin_a_r_1_1_project_1_1_database_connect_1ac43b171163a815dc433ecc155dc690b6" prot="public" static="no" mutable="no">
        <type>float</type>
        <definition>float LuminAR.Project.DatabaseConnect.maxDistance</definition>
        <argsstring></argsstring>
        <name>maxDistance</name>
        <initializer>= 300f</initializer>
        <briefdescription>
        </briefdescription>
        <detaileddescription>
<para>Float that is set which holds a value, it is the MAX DISTANCE away from the user in which nodes will show. Can be set in the Unity Inspector </para>        </detaileddescription>
        <inbodydescription>
        </inbodydescription>
        <location file="assets/plugins/DatabaseConnect.cs" line="31" column="1" bodyfile="assets/plugins/DatabaseConnect.cs" bodystart="31" bodyend="-1"/>
      </memberdef>
      </sectiondef>
      <sectiondef kind="private-attrib">
      <memberdef kind="variable" id="class_lumin_a_r_1_1_project_1_1_database_connect_1a8fb78f93ac2d71786b2ac30ae3b3609d" prot="private" static="no" mutable="no">
        <type>int</type>
        <definition>int LuminAR.Project.DatabaseConnect.gps_id</definition>
        <argsstring></argsstring>
        <name>gps_id</name>
        <initializer>= 0</initializer>
        <briefdescription>
        </briefdescription>
        <detaileddescription>
<para>Int of the id of the gps. Can be set in the Unity Inspector </para>        </detaileddescription>
        <inbodydescription>
        </inbodydescription>
        <location file="assets/plugins/DatabaseConnect.cs" line="25" column="1" bodyfile="assets/plugins/DatabaseConnect.cs" bodystart="25" bodyend="-1"/>
      </memberdef>
      <memberdef kind="variable" id="class_lumin_a_r_1_1_project_1_1_database_connect_1aef071617567014762856548e743aacc0" prot="private" static="no" mutable="no">
        <type>float</type>
        <definition>float LuminAR.Project.DatabaseConnect.gps_lat</definition>
        <argsstring></argsstring>
        <name>gps_lat</name>
        <initializer>= 0f
		private float gps_long = 0f</initializer>
        <briefdescription>
        </briefdescription>
        <detaileddescription>
<para>Float that holds the value of the GPS LATITUDE Coordinate that is to be changed to. Can be set in the Unity Inspector Float that holds the value of the GPS LONGITUDE Coordinate that is to be changed to. Can be set in the Unity Inspector </para>        </detaileddescription>
        <inbodydescription>
        </inbodydescription>
        <location file="assets/plugins/DatabaseConnect.cs" line="26" column="1" bodyfile="assets/plugins/DatabaseConnect.cs" bodystart="26" bodyend="-1"/>
      </memberdef>
      <memberdef kind="variable" id="class_lumin_a_r_1_1_project_1_1_database_connect_1a3803139ac173cfc6ed87e4b4fbd210a9" prot="private" static="no" mutable="no">
        <type>string</type>
        <definition>string LuminAR.Project.DatabaseConnect.gps_desc</definition>
        <argsstring></argsstring>
        <name>gps_desc</name>
        <initializer>= &quot;&quot;</initializer>
        <briefdescription>
        </briefdescription>
        <detaileddescription>
<para>String The description of the GPS NODE that is set by the user, to give meaning. Can be set in the Unity Inspector </para>        </detaileddescription>
        <inbodydescription>
        </inbodydescription>
        <location file="assets/plugins/DatabaseConnect.cs" line="28" column="1" bodyfile="assets/plugins/DatabaseConnect.cs" bodystart="28" bodyend="-1"/>
      </memberdef>
      <memberdef kind="variable" id="class_lumin_a_r_1_1_project_1_1_database_connect_1aea273362e9134795113c48898089d900" prot="private" static="no" mutable="no">
        <type>IDbConnection</type>
        <definition>IDbConnection LuminAR.Project.DatabaseConnect.dbconn</definition>
        <argsstring></argsstring>
        <name>dbconn</name>
        <briefdescription>
        </briefdescription>
        <detaileddescription>
<para>The database connection variable </para>        </detaileddescription>
        <inbodydescription>
        </inbodydescription>
        <location file="assets/plugins/DatabaseConnect.cs" line="33" column="1" bodyfile="assets/plugins/DatabaseConnect.cs" bodystart="33" bodyend="-1"/>
      </memberdef>
      <memberdef kind="variable" id="class_lumin_a_r_1_1_project_1_1_database_connect_1a7892cf9221030383da0e66bcad5a234b" prot="private" static="no" mutable="no">
        <type>IDbCommand</type>
        <definition>IDbCommand LuminAR.Project.DatabaseConnect.dbcmd</definition>
        <argsstring></argsstring>
        <name>dbcmd</name>
        <briefdescription>
        </briefdescription>
        <detaileddescription>
<para>The database command variable </para>        </detaileddescription>
        <inbodydescription>
        </inbodydescription>
        <location file="assets/plugins/DatabaseConnect.cs" line="34" column="1" bodyfile="assets/plugins/DatabaseConnect.cs" bodystart="34" bodyend="-1"/>
      </memberdef>
      <memberdef kind="variable" id="class_lumin_a_r_1_1_project_1_1_database_connect_1aab7ca53987e94129e9f0ab686e8703f4" prot="private" static="no" mutable="no">
        <type>IDataReader</type>
        <definition>IDataReader LuminAR.Project.DatabaseConnect.reader</definition>
        <argsstring></argsstring>
        <name>reader</name>
        <briefdescription>
        </briefdescription>
        <detaileddescription>
<para>The database reader variable </para>        </detaileddescription>
        <inbodydescription>
        </inbodydescription>
        <location file="assets/plugins/DatabaseConnect.cs" line="35" column="1" bodyfile="assets/plugins/DatabaseConnect.cs" bodystart="35" bodyend="-1"/>
      </memberdef>
      <memberdef kind="variable" id="class_lumin_a_r_1_1_project_1_1_database_connect_1a306e11c133fab1e6e49c062b0fc6a961" prot="private" static="no" mutable="no">
        <type>AndroidJavaClass</type>
        <definition>AndroidJavaClass LuminAR.Project.DatabaseConnect.gpsActivityJavaClass</definition>
        <argsstring></argsstring>
        <name>gpsActivityJavaClass</name>
        <briefdescription>
        </briefdescription>
        <detaileddescription>
<para>AndroidJavaClass this is to make a connection with the .jar file that handles the Android GPS functions </para>        </detaileddescription>
        <inbodydescription>
        </inbodydescription>
        <location file="assets/plugins/DatabaseConnect.cs" line="37" column="1" bodyfile="assets/plugins/DatabaseConnect.cs" bodystart="37" bodyend="-1"/>
      </memberdef>
      <memberdef kind="variable" id="class_lumin_a_r_1_1_project_1_1_database_connect_1ab8adfba483dc0f529c33b66212fd329c" prot="private" static="no" mutable="no">
        <type><ref refid="class_lumin_a_r_1_1_project_1_1_database_download" kindref="compound">DatabaseDownload</ref></type>
        <definition>DatabaseDownload LuminAR.Project.DatabaseConnect.dbDownload</definition>
        <argsstring></argsstring>
        <name>dbDownload</name>
        <briefdescription>
        </briefdescription>
        <detaileddescription>
        </detaileddescription>
        <inbodydescription>
        </inbodydescription>
        <location file="assets/plugins/DatabaseConnect.cs" line="41" column="1" bodyfile="assets/plugins/DatabaseConnect.cs" bodystart="41" bodyend="-1"/>
      </memberdef>
      </sectiondef>
      <sectiondef kind="private-static-attrib">
      <memberdef kind="variable" id="class_lumin_a_r_1_1_project_1_1_database_connect_1a7d80f8fa8a0069289d6cfc8878c95756" prot="private" static="yes" mutable="no">
        <type>string</type>
        <definition>string LuminAR.Project.DatabaseConnect.distanceArray</definition>
        <argsstring></argsstring>
        <name>distanceArray</name>
        <initializer>= &quot;&quot;</initializer>
        <briefdescription>
        </briefdescription>
        <detaileddescription>
        </detaileddescription>
        <inbodydescription>
        </inbodydescription>
        <location file="assets/plugins/DatabaseConnect.cs" line="39" column="1" bodyfile="assets/plugins/DatabaseConnect.cs" bodystart="39" bodyend="-1"/>
      </memberdef>
      </sectiondef>
      <sectiondef kind="public-func">
      <memberdef kind="function" id="class_lumin_a_r_1_1_project_1_1_database_connect_1a61335b3864fd4628dcc0bbc00888c232" prot="public" static="no" const="no" explicit="no" inline="yes" virt="non-virtual">
        <type>void</type>
        <definition>void LuminAR.Project.DatabaseConnect.openDB</definition>
        <argsstring>()</argsstring>
        <name>openDB</name>
        <briefdescription>
        </briefdescription>
        <detaileddescription>
        </detaileddescription>
        <inbodydescription>
<para>Method which finds the database that has been downloaded to make a connection. This method also opens the .jar file for the Android GPS Functions, it also runs a select query for the database to read all the nodes in the database.</para>        </inbodydescription>
        <location file="assets/plugins/DatabaseConnect.cs" line="44" column="1" bodyfile="assets/plugins/DatabaseConnect.cs" bodystart="44" bodyend="81"/>
      </memberdef>
      <memberdef kind="function" id="class_lumin_a_r_1_1_project_1_1_database_connect_1a2b4e9aadb9bf5e6e58f8363287275c6c" prot="public" static="no" const="no" explicit="no" inline="yes" virt="non-virtual">
        <type>void</type>
        <definition>void LuminAR.Project.DatabaseConnect.insertToDB</definition>
        <argsstring>(float gps_lat, float gps_long, string gps_desc)</argsstring>
        <name>insertToDB</name>
        <param>
          <type>float</type>
          <declname>gps_lat</declname>
        </param>
        <param>
          <type>float</type>
          <declname>gps_long</declname>
        </param>
        <param>
          <type>string</type>
          <declname>gps_desc</declname>
        </param>
        <briefdescription>
        </briefdescription>
        <detaileddescription>
        </detaileddescription>
        <inbodydescription>
<para>A function which takes the latitude, longitude and description values that have been set to insert in to the database. <parameterlist kind="param"><parameteritem>
<parameternamelist>
<parametername>gps_lat</parametername>
</parameternamelist>
<parameterdescription>
<para>The float variable that holds the GPS LATITUDE. </para></parameterdescription>
</parameteritem>
<parameteritem>
<parameternamelist>
<parametername>gps_long</parametername>
</parameternamelist>
<parameterdescription>
<para>The float variable that holds the GPS LONGITUDE. </para></parameterdescription>
</parameteritem>
<parameteritem>
<parameternamelist>
<parametername>gps_desc</parametername>
</parameternamelist>
<parameterdescription>
<para>The string variable that holds the GPS DESCRIPTION.</para></parameterdescription>
</parameteritem>
</parameterlist>
</para>        </inbodydescription>
        <location file="assets/plugins/DatabaseConnect.cs" line="83" column="1" bodyfile="assets/plugins/DatabaseConnect.cs" bodystart="83" bodyend="105"/>
      </memberdef>
      <memberdef kind="function" id="class_lumin_a_r_1_1_project_1_1_database_connect_1adb4a70d01209718aba04ff667a11f394" prot="public" static="no" const="no" explicit="no" inline="yes" virt="non-virtual">
        <type>void</type>
        <definition>void LuminAR.Project.DatabaseConnect.getDistance</definition>
        <argsstring>()</argsstring>
        <name>getDistance</name>
        <briefdescription>
        </briefdescription>
        <detaileddescription>
        </detaileddescription>
        <inbodydescription>
<para>A function which retrieves the nodes from the database and runs a function to get the distance the user is away from the nodes in the database.</para>        </inbodydescription>
        <location file="assets/plugins/DatabaseConnect.cs" line="107" column="1" bodyfile="assets/plugins/DatabaseConnect.cs" bodystart="107" bodyend="123"/>
      </memberdef>
      <memberdef kind="function" id="class_lumin_a_r_1_1_project_1_1_database_connect_1a70612e913d216358b56ecbc1e796f2dc" prot="public" static="no" const="no" explicit="no" inline="yes" virt="non-virtual">
        <type>void</type>
        <definition>void LuminAR.Project.DatabaseConnect.editLocation</definition>
        <argsstring>(int gps_id, float gps_lat, float gps_long, string gps_desc)</argsstring>
        <name>editLocation</name>
        <param>
          <type>int</type>
          <declname>gps_id</declname>
        </param>
        <param>
          <type>float</type>
          <declname>gps_lat</declname>
        </param>
        <param>
          <type>float</type>
          <declname>gps_long</declname>
        </param>
        <param>
          <type>string</type>
          <declname>gps_desc</declname>
        </param>
        <briefdescription>
        </briefdescription>
        <detaileddescription>
        </detaileddescription>
        <inbodydescription>
<para>A function which takes the latitude, longitude and description values that have been set by the user and uses those values to edit an existing node in the database. <parameterlist kind="param"><parameteritem>
<parameternamelist>
<parametername>gps_id</parametername>
</parameternamelist>
<parameterdescription>
<para>The int variable that has been set by the user (set in the Unity Inspector) which specifies which node in the database they would like to edit. </para></parameterdescription>
</parameteritem>
<parameteritem>
<parameternamelist>
<parametername>gps_lat</parametername>
</parameternamelist>
<parameterdescription>
<para>The float variable that holds the GPS LATITUDE. </para></parameterdescription>
</parameteritem>
<parameteritem>
<parameternamelist>
<parametername>gps_long</parametername>
</parameternamelist>
<parameterdescription>
<para>The float variable that holds the GPS LONGITUDE. </para></parameterdescription>
</parameteritem>
<parameteritem>
<parameternamelist>
<parametername>gps_desc</parametername>
</parameternamelist>
<parameterdescription>
<para>The string variable that holds the GPS DESCRIPTION.</para></parameterdescription>
</parameteritem>
</parameterlist>
</para>        </inbodydescription>
        <location file="assets/plugins/DatabaseConnect.cs" line="125" column="1" bodyfile="assets/plugins/DatabaseConnect.cs" bodystart="125" bodyend="147"/>
      </memberdef>
      <memberdef kind="function" id="class_lumin_a_r_1_1_project_1_1_database_connect_1a1a245a2828d1dc44ba9c69aca2f12d53" prot="public" static="no" const="no" explicit="no" inline="yes" virt="non-virtual">
        <type>void</type>
        <definition>void LuminAR.Project.DatabaseConnect.deleteLocation</definition>
        <argsstring>(int gps_id)</argsstring>
        <name>deleteLocation</name>
        <param>
          <type>int</type>
          <declname>gps_id</declname>
        </param>
        <briefdescription>
        </briefdescription>
        <detaileddescription>
        </detaileddescription>
        <inbodydescription>
<para>A function which takes an ID variable that has been set by the user and deletes the corresponding node in the database. <parameterlist kind="param"><parameteritem>
<parameternamelist>
<parametername>gps_id</parametername>
</parameternamelist>
<parameterdescription>
<para>The int variable (set in the Unity Inspector]) that specifies which node to delete from the database.</para></parameterdescription>
</parameteritem>
</parameterlist>
</para>        </inbodydescription>
        <location file="assets/plugins/DatabaseConnect.cs" line="148" column="1" bodyfile="assets/plugins/DatabaseConnect.cs" bodystart="148" bodyend="167"/>
      </memberdef>
      <memberdef kind="function" id="class_lumin_a_r_1_1_project_1_1_database_connect_1a356aaadd07463b6fef90788132e33979" prot="public" static="no" const="no" explicit="no" inline="yes" virt="non-virtual">
        <type>void</type>
        <definition>void LuminAR.Project.DatabaseConnect.closeConnections</definition>
        <argsstring>()</argsstring>
        <name>closeConnections</name>
        <briefdescription>
        </briefdescription>
        <detaileddescription>
        </detaileddescription>
        <inbodydescription>
<para>The function which closes the database and reader connections</para>        </inbodydescription>
        <location file="assets/plugins/DatabaseConnect.cs" line="169" column="1" bodyfile="assets/plugins/DatabaseConnect.cs" bodystart="169" bodyend="179"/>
      </memberdef>
      </sectiondef>
    <briefdescription>
    </briefdescription>
    <detaileddescription>
    </detaileddescription>
    <collaborationgraph>
      <node id="2">
        <label>LuminAR.Project.DatabaseDownload</label>
        <link refid="class_lumin_a_r_1_1_project_1_1_database_download"/>
        <childnode refid="3" relation="public-inheritance">
        </childnode>
      </node>
      <node id="1">
        <label>LuminAR.Project.DatabaseConnect</label>
        <link refid="class_lumin_a_r_1_1_project_1_1_database_connect"/>
        <childnode refid="2" relation="usage">
          <edgelabel>dbDownload</edgelabel>
        </childnode>
      </node>
      <node id="3">
        <label>MonoBehaviour</label>
      </node>
    </collaborationgraph>
    <location file="assets/plugins/DatabaseConnect.cs" line="9" column="1" bodyfile="assets/plugins/DatabaseConnect.cs" bodystart="9" bodyend="180"/>
    <listofallmembers>
      <member refid="class_lumin_a_r_1_1_project_1_1_database_connect_1a356aaadd07463b6fef90788132e33979" prot="public" virt="non-virtual"><scope>LuminAR::Project::DatabaseConnect</scope><name>closeConnections</name></member>
      <member refid="class_lumin_a_r_1_1_project_1_1_database_connect_1a7892cf9221030383da0e66bcad5a234b" prot="private" virt="non-virtual"><scope>LuminAR::Project::DatabaseConnect</scope><name>dbcmd</name></member>
      <member refid="class_lumin_a_r_1_1_project_1_1_database_connect_1aea273362e9134795113c48898089d900" prot="private" virt="non-virtual"><scope>LuminAR::Project::DatabaseConnect</scope><name>dbconn</name></member>
      <member refid="class_lumin_a_r_1_1_project_1_1_database_connect_1ab8adfba483dc0f529c33b66212fd329c" prot="private" virt="non-virtual"><scope>LuminAR::Project::DatabaseConnect</scope><name>dbDownload</name></member>
      <member refid="class_lumin_a_r_1_1_project_1_1_database_connect_1ac8f244c5fec19aa85162cae037e208b0" prot="public" virt="non-virtual"><scope>LuminAR::Project::DatabaseConnect</scope><name>dbName</name></member>
      <member refid="class_lumin_a_r_1_1_project_1_1_database_connect_1a1a245a2828d1dc44ba9c69aca2f12d53" prot="public" virt="non-virtual"><scope>LuminAR::Project::DatabaseConnect</scope><name>deleteLocation</name></member>
      <member refid="class_lumin_a_r_1_1_project_1_1_database_connect_1a7d80f8fa8a0069289d6cfc8878c95756" prot="private" virt="non-virtual"><scope>LuminAR::Project::DatabaseConnect</scope><name>distanceArray</name></member>
      <member refid="class_lumin_a_r_1_1_project_1_1_database_connect_1a70612e913d216358b56ecbc1e796f2dc" prot="public" virt="non-virtual"><scope>LuminAR::Project::DatabaseConnect</scope><name>editLocation</name></member>
      <member refid="class_lumin_a_r_1_1_project_1_1_database_connect_1a57399c3680233d3134b37ff1cb43aaba" prot="public" virt="non-virtual"><scope>LuminAR::Project::DatabaseConnect</scope><name>fileLocation</name></member>
      <member refid="class_lumin_a_r_1_1_project_1_1_database_connect_1adb4a70d01209718aba04ff667a11f394" prot="public" virt="non-virtual"><scope>LuminAR::Project::DatabaseConnect</scope><name>getDistance</name></member>
      <member refid="class_lumin_a_r_1_1_project_1_1_database_connect_1a3803139ac173cfc6ed87e4b4fbd210a9" prot="private" virt="non-virtual"><scope>LuminAR::Project::DatabaseConnect</scope><name>gps_desc</name></member>
      <member refid="class_lumin_a_r_1_1_project_1_1_database_connect_1a8fb78f93ac2d71786b2ac30ae3b3609d" prot="private" virt="non-virtual"><scope>LuminAR::Project::DatabaseConnect</scope><name>gps_id</name></member>
      <member refid="class_lumin_a_r_1_1_project_1_1_database_connect_1aef071617567014762856548e743aacc0" prot="private" virt="non-virtual"><scope>LuminAR::Project::DatabaseConnect</scope><name>gps_lat</name></member>
      <member refid="class_lumin_a_r_1_1_project_1_1_database_connect_1a306e11c133fab1e6e49c062b0fc6a961" prot="private" virt="non-virtual"><scope>LuminAR::Project::DatabaseConnect</scope><name>gpsActivityJavaClass</name></member>
      <member refid="class_lumin_a_r_1_1_project_1_1_database_connect_1a2b4e9aadb9bf5e6e58f8363287275c6c" prot="public" virt="non-virtual"><scope>LuminAR::Project::DatabaseConnect</scope><name>insertToDB</name></member>
      <member refid="class_lumin_a_r_1_1_project_1_1_database_connect_1afcb6b535bf4ecb303f90d75b2160e9ae" prot="public" virt="non-virtual"><scope>LuminAR::Project::DatabaseConnect</scope><name>locationID</name></member>
      <member refid="class_lumin_a_r_1_1_project_1_1_database_connect_1ac43b171163a815dc433ecc155dc690b6" prot="public" virt="non-virtual"><scope>LuminAR::Project::DatabaseConnect</scope><name>maxDistance</name></member>
      <member refid="class_lumin_a_r_1_1_project_1_1_database_connect_1a61335b3864fd4628dcc0bbc00888c232" prot="public" virt="non-virtual"><scope>LuminAR::Project::DatabaseConnect</scope><name>openDB</name></member>
      <member refid="class_lumin_a_r_1_1_project_1_1_database_connect_1aab7ca53987e94129e9f0ab686e8703f4" prot="private" virt="non-virtual"><scope>LuminAR::Project::DatabaseConnect</scope><name>reader</name></member>
      <member refid="class_lumin_a_r_1_1_project_1_1_database_connect_1a17c0e3616c5e305bb6632bb73d977710" prot="public" virt="non-virtual"><scope>LuminAR::Project::DatabaseConnect</scope><name>tableName</name></member>
    </listofallmembers>
  </compounddef>
</doxygen>
