<?xml version='1.0' encoding='UTF-8' standalone='no'?>
<doxygen xmlns:xsi="http://www.w3.org/2001/XMLSchema-instance" xsi:noNamespaceSchemaLocation="compound.xsd" version="1.8.10">
  <compounddef id="class_lumin_a_r_1_1_project_1_1_database_functions" kind="class" language="C#" prot="public">
    <compoundname>LuminAR::Project::DatabaseFunctions</compoundname>
    <basecompoundref prot="public" virt="non-virtual">MonoBehaviour</basecompoundref>
      <sectiondef kind="private-attrib">
      <memberdef kind="variable" id="class_lumin_a_r_1_1_project_1_1_database_functions_1a05dff862e2a2424388f59bd7c9320ba6" prot="private" static="no" mutable="no">
        <type>bool</type>
        <definition>bool LuminAR.Project.DatabaseFunctions.hidden</definition>
        <argsstring></argsstring>
        <name>hidden</name>
        <initializer>= true</initializer>
        <briefdescription>
        </briefdescription>
        <detaileddescription>
<para>Boolean This value is set to show or not show the insert fields. </para>        </detaileddescription>
        <inbodydescription>
        </inbodydescription>
        <location file="assets/plugins/DatabaseFunctions.cs" line="8" column="1" bodyfile="assets/plugins/DatabaseFunctions.cs" bodystart="8" bodyend="-1"/>
      </memberdef>
      <memberdef kind="variable" id="class_lumin_a_r_1_1_project_1_1_database_functions_1a332d2655065c510aac2328048c12d425" prot="private" static="no" mutable="no">
        <type><ref refid="class_lumin_a_r_1_1_project_1_1_database_connect" kindref="compound">DatabaseConnect</ref></type>
        <definition>DatabaseConnect LuminAR.Project.DatabaseFunctions.db</definition>
        <argsstring></argsstring>
        <name>db</name>
        <briefdescription>
        </briefdescription>
        <detaileddescription>
        </detaileddescription>
        <inbodydescription>
        </inbodydescription>
        <location file="assets/plugins/DatabaseFunctions.cs" line="24" column="1" bodyfile="assets/plugins/DatabaseFunctions.cs" bodystart="24" bodyend="-1"/>
      </memberdef>
      </sectiondef>
      <sectiondef kind="public-attrib">
      <memberdef kind="variable" id="class_lumin_a_r_1_1_project_1_1_database_functions_1a323f80369870121ec709856a30383d4a" prot="public" static="no" mutable="no">
        <type>int</type>
        <definition>int LuminAR.Project.DatabaseFunctions.edit_gps_id</definition>
        <argsstring></argsstring>
        <name>edit_gps_id</name>
        <initializer>= 0</initializer>
        <briefdescription>
        </briefdescription>
        <detaileddescription>
<para>Int that holds the value of the GPS ID to edit, Can be set in the Unity Inspector </para>        </detaileddescription>
        <inbodydescription>
        </inbodydescription>
        <location file="assets/plugins/DatabaseFunctions.cs" line="11" column="1" bodyfile="assets/plugins/DatabaseFunctions.cs" bodystart="11" bodyend="-1"/>
      </memberdef>
      <memberdef kind="variable" id="class_lumin_a_r_1_1_project_1_1_database_functions_1ac4fb2545405c6e27952afa0761ee7f68" prot="public" static="no" mutable="no">
        <type>float</type>
        <definition>float LuminAR.Project.DatabaseFunctions.edit_gps_lat</definition>
        <argsstring></argsstring>
        <name>edit_gps_lat</name>
        <initializer>= -36f</initializer>
        <briefdescription>
        </briefdescription>
        <detaileddescription>
<para>Float that holds the value of the GPS LATITUDE to edit, Can be set in the Unity Inspector </para>        </detaileddescription>
        <inbodydescription>
        </inbodydescription>
        <location file="assets/plugins/DatabaseFunctions.cs" line="12" column="1" bodyfile="assets/plugins/DatabaseFunctions.cs" bodystart="12" bodyend="-1"/>
      </memberdef>
      <memberdef kind="variable" id="class_lumin_a_r_1_1_project_1_1_database_functions_1a7a55551450ceee58f1c47f03e08a2a55" prot="public" static="no" mutable="no">
        <type>float</type>
        <definition>float LuminAR.Project.DatabaseFunctions.edit_gps_long</definition>
        <argsstring></argsstring>
        <name>edit_gps_long</name>
        <initializer>= 174f</initializer>
        <briefdescription>
        </briefdescription>
        <detaileddescription>
<para>Int that holds the value of the GPS LONGITUDE to edit, Can be set in the Unity Inspector </para>        </detaileddescription>
        <inbodydescription>
        </inbodydescription>
        <location file="assets/plugins/DatabaseFunctions.cs" line="13" column="1" bodyfile="assets/plugins/DatabaseFunctions.cs" bodystart="13" bodyend="-1"/>
      </memberdef>
      <memberdef kind="variable" id="class_lumin_a_r_1_1_project_1_1_database_functions_1ad3019a5a3fb41ed507e9f78a0b79509e" prot="public" static="no" mutable="no">
        <type>string</type>
        <definition>string LuminAR.Project.DatabaseFunctions.edit_gps_desc</definition>
        <argsstring></argsstring>
        <name>edit_gps_desc</name>
        <initializer>= &quot;GPS DESCRIPTION&quot;</initializer>
        <briefdescription>
        </briefdescription>
        <detaileddescription>
<para>String that holds the DESCRIPTION of the gps node to edit, Can be set in the Unity Inspector </para>        </detaileddescription>
        <inbodydescription>
        </inbodydescription>
        <location file="assets/plugins/DatabaseFunctions.cs" line="14" column="1" bodyfile="assets/plugins/DatabaseFunctions.cs" bodystart="14" bodyend="-1"/>
      </memberdef>
      <memberdef kind="variable" id="class_lumin_a_r_1_1_project_1_1_database_functions_1afc0138200fa19bd069147701b4a7c672" prot="public" static="no" mutable="no">
        <type>string</type>
        <definition>string LuminAR.Project.DatabaseFunctions.gps_lat</definition>
        <argsstring></argsstring>
        <name>gps_lat</name>
        <initializer>= &quot;GPS LATITUDE&quot;</initializer>
        <briefdescription>
        </briefdescription>
        <detaileddescription>
<para>String which is the value (converted to float) of the LATITUDE to be inserted to the database, Can be set in the Unity Inspector </para>        </detaileddescription>
        <inbodydescription>
        </inbodydescription>
        <location file="assets/plugins/DatabaseFunctions.cs" line="17" column="1" bodyfile="assets/plugins/DatabaseFunctions.cs" bodystart="17" bodyend="-1"/>
      </memberdef>
      <memberdef kind="variable" id="class_lumin_a_r_1_1_project_1_1_database_functions_1a512ef56a202c09b0b5e103bdfbae5c7f" prot="public" static="no" mutable="no">
        <type>string</type>
        <definition>string LuminAR.Project.DatabaseFunctions.gps_long</definition>
        <argsstring></argsstring>
        <name>gps_long</name>
        <initializer>= &quot;GPS LONGITUDE&quot;</initializer>
        <briefdescription>
        </briefdescription>
        <detaileddescription>
<para>String which is the value (converted to float) of the LONGITUDE to be inserted to the database, Can be set in the Unity Inspector </para>        </detaileddescription>
        <inbodydescription>
        </inbodydescription>
        <location file="assets/plugins/DatabaseFunctions.cs" line="18" column="1" bodyfile="assets/plugins/DatabaseFunctions.cs" bodystart="18" bodyend="-1"/>
      </memberdef>
      <memberdef kind="variable" id="class_lumin_a_r_1_1_project_1_1_database_functions_1af69fae2fd54b98e45ee84cdf6e82a5c6" prot="public" static="no" mutable="no">
        <type>string</type>
        <definition>string LuminAR.Project.DatabaseFunctions.gps_desc</definition>
        <argsstring></argsstring>
        <name>gps_desc</name>
        <initializer>= &quot;GPS DESCRIPTION&quot;</initializer>
        <briefdescription>
        </briefdescription>
        <detaileddescription>
<para>String which holds the DESCRIPTION to be inserted to the database, Can be set in the Unity Inspector </para>        </detaileddescription>
        <inbodydescription>
        </inbodydescription>
        <location file="assets/plugins/DatabaseFunctions.cs" line="19" column="1" bodyfile="assets/plugins/DatabaseFunctions.cs" bodystart="19" bodyend="-1"/>
      </memberdef>
      <memberdef kind="variable" id="class_lumin_a_r_1_1_project_1_1_database_functions_1ababdf447bb2e850a4638f0ad466a6e77" prot="public" static="no" mutable="no">
        <type>int</type>
        <definition>int LuminAR.Project.DatabaseFunctions.delete_edit_gps_id</definition>
        <argsstring></argsstring>
        <name>delete_edit_gps_id</name>
        <initializer>= 0</initializer>
        <briefdescription>
        </briefdescription>
        <detaileddescription>
<para>Int which is set that specifies which node to delete from the database, Can be set in the Unity Inspector </para>        </detaileddescription>
        <inbodydescription>
        </inbodydescription>
        <location file="assets/plugins/DatabaseFunctions.cs" line="22" column="1" bodyfile="assets/plugins/DatabaseFunctions.cs" bodystart="22" bodyend="-1"/>
      </memberdef>
      </sectiondef>
      <sectiondef kind="private-func">
      <memberdef kind="function" id="class_lumin_a_r_1_1_project_1_1_database_functions_1a5f03a8115248d142f64de403ef887a56" prot="private" static="no" const="no" explicit="no" inline="yes" virt="non-virtual">
        <type>void</type>
        <definition>void LuminAR.Project.DatabaseFunctions.Awake</definition>
        <argsstring>()</argsstring>
        <name>Awake</name>
        <briefdescription>
        </briefdescription>
        <detaileddescription>
        </detaileddescription>
        <inbodydescription>
<para>When the class is active, start the database connection and open the database. <simplesect kind="see"><para><ref refid="_database_connect_8cs" kindref="compound">DatabaseConnect.cs</ref></para></simplesect>
</para>        </inbodydescription>
        <location file="assets/plugins/DatabaseFunctions.cs" line="26" column="1" bodyfile="assets/plugins/DatabaseFunctions.cs" bodystart="26" bodyend="33"/>
      </memberdef>
      <memberdef kind="function" id="class_lumin_a_r_1_1_project_1_1_database_functions_1aa96771069af9d2fc85f4c2737ccefbac" prot="private" static="no" const="no" explicit="no" inline="yes" virt="non-virtual">
        <type>void</type>
        <definition>void LuminAR.Project.DatabaseFunctions.OnGUI</definition>
        <argsstring>()</argsstring>
        <name>OnGUI</name>
        <briefdescription>
        </briefdescription>
        <detaileddescription>
        </detaileddescription>
        <inbodydescription>
<para>On the UNITY GUI display fields and buttons that can be interacted with by the user to to the GPS Functions.<itemizedlist>
<listitem><para>Add a new GPS NODE.</para></listitem><listitem><para>EDIT a GPS NODE.</para></listitem><listitem><para>DELETE a GPS NODE.</para></listitem><listitem><para>Retrieve the distances away of the stored gps nodes from the user. <simplesect kind="see"><para><ref refid="_database_connect_8cs" kindref="compound">DatabaseConnect.cs</ref> </para></simplesect>
<simplesect kind="see"><para><ref refid="_database_download_8cs" kindref="compound">DatabaseDownload.cs</ref></para></simplesect>
</para></listitem></itemizedlist>
</para>        </inbodydescription>
        <location file="assets/plugins/DatabaseFunctions.cs" line="35" column="1" bodyfile="assets/plugins/DatabaseFunctions.cs" bodystart="35" bodyend="79"/>
      </memberdef>
      </sectiondef>
      <sectiondef kind="public-func">
      <memberdef kind="function" id="class_lumin_a_r_1_1_project_1_1_database_functions_1a288c897dec496960b7ece2eda9d9881e" prot="public" static="no" const="no" explicit="no" inline="yes" virt="non-virtual">
        <type>void</type>
        <definition>void LuminAR.Project.DatabaseFunctions.hide</definition>
        <argsstring>(bool shouldHide)</argsstring>
        <name>hide</name>
        <param>
          <type>bool</type>
          <declname>shouldHide</declname>
        </param>
        <briefdescription>
        </briefdescription>
        <detaileddescription>
        </detaileddescription>
        <inbodydescription>
<para>This function changes the boolean value which allows the insertion fields to display.</para>        </inbodydescription>
        <location file="assets/plugins/DatabaseFunctions.cs" line="81" column="1" bodyfile="assets/plugins/DatabaseFunctions.cs" bodystart="81" bodyend="87"/>
      </memberdef>
      </sectiondef>
    <briefdescription>
    </briefdescription>
    <detaileddescription>
    </detaileddescription>
    <inheritancegraph>
      <node id="8">
        <label>LuminAR.Project.DatabaseFunctions</label>
        <link refid="class_lumin_a_r_1_1_project_1_1_database_functions"/>
        <childnode refid="9" relation="public-inheritance">
        </childnode>
      </node>
      <node id="9">
        <label>MonoBehaviour</label>
      </node>
    </inheritancegraph>
    <collaborationgraph>
      <node id="13">
        <label>LuminAR.Project.DatabaseDownload</label>
        <link refid="class_lumin_a_r_1_1_project_1_1_database_download"/>
        <childnode refid="11" relation="public-inheritance">
        </childnode>
      </node>
      <node id="10">
        <label>LuminAR.Project.DatabaseFunctions</label>
        <link refid="class_lumin_a_r_1_1_project_1_1_database_functions"/>
        <childnode refid="11" relation="public-inheritance">
        </childnode>
        <childnode refid="12" relation="usage">
          <edgelabel>db</edgelabel>
        </childnode>
      </node>
      <node id="12">
        <label>LuminAR.Project.DatabaseConnect</label>
        <link refid="class_lumin_a_r_1_1_project_1_1_database_connect"/>
        <childnode refid="13" relation="usage">
          <edgelabel>dbDownload</edgelabel>
        </childnode>
      </node>
      <node id="11">
        <label>MonoBehaviour</label>
      </node>
    </collaborationgraph>
    <location file="assets/plugins/DatabaseFunctions.cs" line="6" column="1" bodyfile="assets/plugins/DatabaseFunctions.cs" bodystart="6" bodyend="88"/>
    <listofallmembers>
      <member refid="class_lumin_a_r_1_1_project_1_1_database_functions_1a5f03a8115248d142f64de403ef887a56" prot="private" virt="non-virtual"><scope>LuminAR::Project::DatabaseFunctions</scope><name>Awake</name></member>
      <member refid="class_lumin_a_r_1_1_project_1_1_database_functions_1a332d2655065c510aac2328048c12d425" prot="private" virt="non-virtual"><scope>LuminAR::Project::DatabaseFunctions</scope><name>db</name></member>
      <member refid="class_lumin_a_r_1_1_project_1_1_database_functions_1ababdf447bb2e850a4638f0ad466a6e77" prot="public" virt="non-virtual"><scope>LuminAR::Project::DatabaseFunctions</scope><name>delete_edit_gps_id</name></member>
      <member refid="class_lumin_a_r_1_1_project_1_1_database_functions_1ad3019a5a3fb41ed507e9f78a0b79509e" prot="public" virt="non-virtual"><scope>LuminAR::Project::DatabaseFunctions</scope><name>edit_gps_desc</name></member>
      <member refid="class_lumin_a_r_1_1_project_1_1_database_functions_1a323f80369870121ec709856a30383d4a" prot="public" virt="non-virtual"><scope>LuminAR::Project::DatabaseFunctions</scope><name>edit_gps_id</name></member>
      <member refid="class_lumin_a_r_1_1_project_1_1_database_functions_1ac4fb2545405c6e27952afa0761ee7f68" prot="public" virt="non-virtual"><scope>LuminAR::Project::DatabaseFunctions</scope><name>edit_gps_lat</name></member>
      <member refid="class_lumin_a_r_1_1_project_1_1_database_functions_1a7a55551450ceee58f1c47f03e08a2a55" prot="public" virt="non-virtual"><scope>LuminAR::Project::DatabaseFunctions</scope><name>edit_gps_long</name></member>
      <member refid="class_lumin_a_r_1_1_project_1_1_database_functions_1af69fae2fd54b98e45ee84cdf6e82a5c6" prot="public" virt="non-virtual"><scope>LuminAR::Project::DatabaseFunctions</scope><name>gps_desc</name></member>
      <member refid="class_lumin_a_r_1_1_project_1_1_database_functions_1afc0138200fa19bd069147701b4a7c672" prot="public" virt="non-virtual"><scope>LuminAR::Project::DatabaseFunctions</scope><name>gps_lat</name></member>
      <member refid="class_lumin_a_r_1_1_project_1_1_database_functions_1a512ef56a202c09b0b5e103bdfbae5c7f" prot="public" virt="non-virtual"><scope>LuminAR::Project::DatabaseFunctions</scope><name>gps_long</name></member>
      <member refid="class_lumin_a_r_1_1_project_1_1_database_functions_1a05dff862e2a2424388f59bd7c9320ba6" prot="private" virt="non-virtual"><scope>LuminAR::Project::DatabaseFunctions</scope><name>hidden</name></member>
      <member refid="class_lumin_a_r_1_1_project_1_1_database_functions_1a288c897dec496960b7ece2eda9d9881e" prot="public" virt="non-virtual"><scope>LuminAR::Project::DatabaseFunctions</scope><name>hide</name></member>
      <member refid="class_lumin_a_r_1_1_project_1_1_database_functions_1aa96771069af9d2fc85f4c2737ccefbac" prot="private" virt="non-virtual"><scope>LuminAR::Project::DatabaseFunctions</scope><name>OnGUI</name></member>
    </listofallmembers>
  </compounddef>
</doxygen>
