<?xml version='1.0' encoding='UTF-8' standalone='no'?>
<doxygen xmlns:xsi="http://www.w3.org/2001/XMLSchema-instance" xsi:noNamespaceSchemaLocation="compound.xsd" version="1.8.10">
  <compounddef id="dir_fbad0b67197010ac820d4d93674f19ab" kind="dir">
    <compoundname>assets/plugins/android</compoundname>
    <innerdir refid="dir_e7cf40edc383fb766824bea156df6786">assets/plugins/android/com</innerdir>
    <briefdescription>
    </briefdescription>
    <detaileddescription>
    </detaileddescription>
    <location file="assets/plugins/android/"/>
  </compounddef>
</doxygen>
