<?xml version='1.0' encoding='UTF-8' standalone='no'?>
<doxygen xmlns:xsi="http://www.w3.org/2001/XMLSchema-instance" xsi:noNamespaceSchemaLocation="compound.xsd" version="1.8.10">
  <compounddef id="dir_83916b8a6f8c587521e7d433f7600931" kind="dir">
    <compoundname>assets/plugins/android/com/LuminAR</compoundname>
    <innerdir refid="dir_95bd158c2dd26f7da543d685c40955f0">assets/plugins/android/com/LuminAR/Project</innerdir>
    <briefdescription>
    </briefdescription>
    <detaileddescription>
    </detaileddescription>
    <location file="assets/plugins/android/com/LuminAR/"/>
  </compounddef>
</doxygen>
