<?xml version='1.0' encoding='UTF-8' standalone='no'?>
<doxygen xmlns:xsi="http://www.w3.org/2001/XMLSchema-instance" xsi:noNamespaceSchemaLocation="compound.xsd" version="1.8.10">
  <compounddef id="dir_95bd158c2dd26f7da543d685c40955f0" kind="dir">
    <compoundname>assets/plugins/android/com/LuminAR/Project</compoundname>
    <innerfile refid="_g_p_s_location_8java">GPSLocation.java</innerfile>
    <briefdescription>
    </briefdescription>
    <detaileddescription>
    </detaileddescription>
    <location file="assets/plugins/android/com/LuminAR/Project/"/>
  </compounddef>
</doxygen>
