<?xml version='1.0' encoding='UTF-8' standalone='no'?>
<doxygen xmlns:xsi="http://www.w3.org/2001/XMLSchema-instance" xsi:noNamespaceSchemaLocation="compound.xsd" version="1.8.10">
  <compounddef id="dir_1c0a11c9b258b446a04e116cb8faa990" kind="dir">
    <compoundname>assets/plugins</compoundname>
    <innerdir refid="dir_fbad0b67197010ac820d4d93674f19ab">assets/plugins/android</innerdir>
    <innerfile refid="_database_connect_8cs">DatabaseConnect.cs</innerfile>
    <innerfile refid="_database_download_8cs">DatabaseDownload.cs</innerfile>
    <innerfile refid="_database_functions_8cs">DatabaseFunctions.cs</innerfile>
    <innerfile refid="_g_p_s_manager_8cs">GPSManager.cs</innerfile>
    <briefdescription>
    </briefdescription>
    <detaileddescription>
    </detaileddescription>
    <location file="assets/plugins/"/>
  </compounddef>
</doxygen>
