<?xml version='1.0' encoding='UTF-8' standalone='no'?>
<doxygenindex xmlns:xsi="http://www.w3.org/2001/XMLSchema-instance" xsi:noNamespaceSchemaLocation="index.xsd" version="1.8.10">
  <compound refid="class_lumin_a_r_1_1_project_1_1_database_connect" kind="class"><name>LuminAR::Project::DatabaseConnect</name>
    <member refid="class_lumin_a_r_1_1_project_1_1_database_connect_1ac8f244c5fec19aa85162cae037e208b0" kind="variable"><name>dbName</name></member>
    <member refid="class_lumin_a_r_1_1_project_1_1_database_connect_1a17c0e3616c5e305bb6632bb73d977710" kind="variable"><name>tableName</name></member>
    <member refid="class_lumin_a_r_1_1_project_1_1_database_connect_1a57399c3680233d3134b37ff1cb43aaba" kind="variable"><name>fileLocation</name></member>
    <member refid="class_lumin_a_r_1_1_project_1_1_database_connect_1afcb6b535bf4ecb303f90d75b2160e9ae" kind="variable"><name>locationID</name></member>
    <member refid="class_lumin_a_r_1_1_project_1_1_database_connect_1ac43b171163a815dc433ecc155dc690b6" kind="variable"><name>maxDistance</name></member>
    <member refid="class_lumin_a_r_1_1_project_1_1_database_connect_1a8fb78f93ac2d71786b2ac30ae3b3609d" kind="variable"><name>gps_id</name></member>
    <member refid="class_lumin_a_r_1_1_project_1_1_database_connect_1aef071617567014762856548e743aacc0" kind="variable"><name>gps_lat</name></member>
    <member refid="class_lumin_a_r_1_1_project_1_1_database_connect_1a3803139ac173cfc6ed87e4b4fbd210a9" kind="variable"><name>gps_desc</name></member>
    <member refid="class_lumin_a_r_1_1_project_1_1_database_connect_1aea273362e9134795113c48898089d900" kind="variable"><name>dbconn</name></member>
    <member refid="class_lumin_a_r_1_1_project_1_1_database_connect_1a7892cf9221030383da0e66bcad5a234b" kind="variable"><name>dbcmd</name></member>
    <member refid="class_lumin_a_r_1_1_project_1_1_database_connect_1aab7ca53987e94129e9f0ab686e8703f4" kind="variable"><name>reader</name></member>
    <member refid="class_lumin_a_r_1_1_project_1_1_database_connect_1a306e11c133fab1e6e49c062b0fc6a961" kind="variable"><name>gpsActivityJavaClass</name></member>
    <member refid="class_lumin_a_r_1_1_project_1_1_database_connect_1ab8adfba483dc0f529c33b66212fd329c" kind="variable"><name>dbDownload</name></member>
    <member refid="class_lumin_a_r_1_1_project_1_1_database_connect_1a7d80f8fa8a0069289d6cfc8878c95756" kind="variable"><name>distanceArray</name></member>
    <member refid="class_lumin_a_r_1_1_project_1_1_database_connect_1a61335b3864fd4628dcc0bbc00888c232" kind="function"><name>openDB</name></member>
    <member refid="class_lumin_a_r_1_1_project_1_1_database_connect_1a2b4e9aadb9bf5e6e58f8363287275c6c" kind="function"><name>insertToDB</name></member>
    <member refid="class_lumin_a_r_1_1_project_1_1_database_connect_1adb4a70d01209718aba04ff667a11f394" kind="function"><name>getDistance</name></member>
    <member refid="class_lumin_a_r_1_1_project_1_1_database_connect_1a70612e913d216358b56ecbc1e796f2dc" kind="function"><name>editLocation</name></member>
    <member refid="class_lumin_a_r_1_1_project_1_1_database_connect_1a1a245a2828d1dc44ba9c69aca2f12d53" kind="function"><name>deleteLocation</name></member>
    <member refid="class_lumin_a_r_1_1_project_1_1_database_connect_1a356aaadd07463b6fef90788132e33979" kind="function"><name>closeConnections</name></member>
  </compound>
  <compound refid="class_lumin_a_r_1_1_project_1_1_database_download" kind="class"><name>LuminAR::Project::DatabaseDownload</name>
    <member refid="class_lumin_a_r_1_1_project_1_1_database_download_1af95df66911c88c9726154f267e0a886f" kind="variable"><name>fileLocation</name></member>
    <member refid="class_lumin_a_r_1_1_project_1_1_database_download_1a2c00eaab048068bcc6fc271294cd38da" kind="variable"><name>url</name></member>
    <member refid="class_lumin_a_r_1_1_project_1_1_database_download_1a7db41d859bd7cf58918e3e952f5845de" kind="variable"><name>www</name></member>
    <member refid="class_lumin_a_r_1_1_project_1_1_database_download_1ad9dc9780ca5628cbb61a67dcd1ec875e" kind="function"><name>Start</name></member>
  </compound>
  <compound refid="class_lumin_a_r_1_1_project_1_1_database_functions" kind="class"><name>LuminAR::Project::DatabaseFunctions</name>
    <member refid="class_lumin_a_r_1_1_project_1_1_database_functions_1a05dff862e2a2424388f59bd7c9320ba6" kind="variable"><name>hidden</name></member>
    <member refid="class_lumin_a_r_1_1_project_1_1_database_functions_1a332d2655065c510aac2328048c12d425" kind="variable"><name>db</name></member>
    <member refid="class_lumin_a_r_1_1_project_1_1_database_functions_1a323f80369870121ec709856a30383d4a" kind="variable"><name>edit_gps_id</name></member>
    <member refid="class_lumin_a_r_1_1_project_1_1_database_functions_1ac4fb2545405c6e27952afa0761ee7f68" kind="variable"><name>edit_gps_lat</name></member>
    <member refid="class_lumin_a_r_1_1_project_1_1_database_functions_1a7a55551450ceee58f1c47f03e08a2a55" kind="variable"><name>edit_gps_long</name></member>
    <member refid="class_lumin_a_r_1_1_project_1_1_database_functions_1ad3019a5a3fb41ed507e9f78a0b79509e" kind="variable"><name>edit_gps_desc</name></member>
    <member refid="class_lumin_a_r_1_1_project_1_1_database_functions_1afc0138200fa19bd069147701b4a7c672" kind="variable"><name>gps_lat</name></member>
    <member refid="class_lumin_a_r_1_1_project_1_1_database_functions_1a512ef56a202c09b0b5e103bdfbae5c7f" kind="variable"><name>gps_long</name></member>
    <member refid="class_lumin_a_r_1_1_project_1_1_database_functions_1af69fae2fd54b98e45ee84cdf6e82a5c6" kind="variable"><name>gps_desc</name></member>
    <member refid="class_lumin_a_r_1_1_project_1_1_database_functions_1ababdf447bb2e850a4638f0ad466a6e77" kind="variable"><name>delete_edit_gps_id</name></member>
    <member refid="class_lumin_a_r_1_1_project_1_1_database_functions_1a5f03a8115248d142f64de403ef887a56" kind="function"><name>Awake</name></member>
    <member refid="class_lumin_a_r_1_1_project_1_1_database_functions_1aa96771069af9d2fc85f4c2737ccefbac" kind="function"><name>OnGUI</name></member>
    <member refid="class_lumin_a_r_1_1_project_1_1_database_functions_1a288c897dec496960b7ece2eda9d9881e" kind="function"><name>hide</name></member>
  </compound>
  <compound refid="classcom_1_1_lumin_a_r_1_1_project_1_1_g_p_s_location" kind="class"><name>com::LuminAR::Project::GPSLocation</name>
    <member refid="classcom_1_1_lumin_a_r_1_1_project_1_1_g_p_s_location_1a27200adb171e5af258a30141b5300bb4" kind="variable"><name>TAG</name></member>
    <member refid="classcom_1_1_lumin_a_r_1_1_project_1_1_g_p_s_location_1a8f0487592da77ffab1e56f362c5a970e" kind="variable"><name>TAGCOMPASS</name></member>
    <member refid="classcom_1_1_lumin_a_r_1_1_project_1_1_g_p_s_location_1a89f42d37ba5b950d833c6462e8ff4139" kind="variable"><name>currentLocation</name></member>
    <member refid="classcom_1_1_lumin_a_r_1_1_project_1_1_g_p_s_location_1a02b1c61aac788bc4fbc3702ad2a1f6e7" kind="variable"><name>myLocationManager</name></member>
    <member refid="classcom_1_1_lumin_a_r_1_1_project_1_1_g_p_s_location_1a9a4fd6ba238852346e3e0dd2cab153c3" kind="variable"><name>mSensorManager</name></member>
    <member refid="classcom_1_1_lumin_a_r_1_1_project_1_1_g_p_s_location_1a2b584f1c5d93efd149adb32a53a66b5b" kind="variable"><name>mSensor</name></member>
    <member refid="classcom_1_1_lumin_a_r_1_1_project_1_1_g_p_s_location_1ab5c662d0e4fb14a1dee8ce32fd676b48" kind="variable"><name>xmag</name></member>
    <member refid="classcom_1_1_lumin_a_r_1_1_project_1_1_g_p_s_location_1a00cb85c5cd88fe21120c35bf6aebd1a0" kind="variable"><name>ymag</name></member>
    <member refid="classcom_1_1_lumin_a_r_1_1_project_1_1_g_p_s_location_1ae499bb6065c43d96a052981086fb68e4" kind="variable"><name>zmag</name></member>
    <member refid="classcom_1_1_lumin_a_r_1_1_project_1_1_g_p_s_location_1aefd9cf4a3e1454db5602fcccb21ad53a" kind="variable"><name>degrees</name></member>
    <member refid="classcom_1_1_lumin_a_r_1_1_project_1_1_g_p_s_location_1abf77908a2a0e0da68dc631480f906964" kind="variable"><name>networkLocationListener</name></member>
    <member refid="classcom_1_1_lumin_a_r_1_1_project_1_1_g_p_s_location_1a5a2ed9b8524fe1811b98d45a2962ffbd" kind="variable"><name>gpsLocationListener</name></member>
    <member refid="classcom_1_1_lumin_a_r_1_1_project_1_1_g_p_s_location_1aa6af3afbb75842e4475ea2f5c86d836b" kind="variable"><name>mListener</name></member>
    <member refid="classcom_1_1_lumin_a_r_1_1_project_1_1_g_p_s_location_1a82b5a26e4e28c35b755aac23dc70f57e" kind="variable"><name>arrayOfLocations</name></member>
    <member refid="classcom_1_1_lumin_a_r_1_1_project_1_1_g_p_s_location_1af7f7783a70af7f6487f52884e959b219" kind="variable"><name>oldArray</name></member>
    <member refid="classcom_1_1_lumin_a_r_1_1_project_1_1_g_p_s_location_1a5515f7e1df6cc75d4432f61ca1de2d61" kind="function"><name>startEventListeners</name></member>
    <member refid="classcom_1_1_lumin_a_r_1_1_project_1_1_g_p_s_location_1a62ffc3a56429e312ed74777b7a3d836b" kind="function"><name>startLocationListeners</name></member>
    <member refid="classcom_1_1_lumin_a_r_1_1_project_1_1_g_p_s_location_1ac54b608145cc9dd8a7311cbef757823c" kind="function"><name>getLocation</name></member>
    <member refid="classcom_1_1_lumin_a_r_1_1_project_1_1_g_p_s_location_1aead49631012517461c4a732825717de3" kind="function"><name>createLocation</name></member>
    <member refid="classcom_1_1_lumin_a_r_1_1_project_1_1_g_p_s_location_1a375a19a126b3b9438e7475a3cf1d9ba1" kind="function"><name>storeLocation</name></member>
    <member refid="classcom_1_1_lumin_a_r_1_1_project_1_1_g_p_s_location_1a70b26b86f5b62057006ad8855e861445" kind="function"><name>editLocation</name></member>
    <member refid="classcom_1_1_lumin_a_r_1_1_project_1_1_g_p_s_location_1ab26b775ef81af62bc7e8d1e8161b0d03" kind="function"><name>deleteLocation</name></member>
    <member refid="classcom_1_1_lumin_a_r_1_1_project_1_1_g_p_s_location_1a446db12ade6928066885faffa014daa2" kind="function"><name>getLocationArray</name></member>
    <member refid="classcom_1_1_lumin_a_r_1_1_project_1_1_g_p_s_location_1a802f8711dca1843847b455069a832c1a" kind="function"><name>getLocationAt</name></member>
    <member refid="classcom_1_1_lumin_a_r_1_1_project_1_1_g_p_s_location_1a82d69bd148980bb4b1a44f6ecc55f286" kind="function"><name>getDistanceTo</name></member>
    <member refid="classcom_1_1_lumin_a_r_1_1_project_1_1_g_p_s_location_1affe9cfc7a944c0cda2af053c3328f24c" kind="function"><name>getX</name></member>
    <member refid="classcom_1_1_lumin_a_r_1_1_project_1_1_g_p_s_location_1a136f2a911ef711cf59d63621eff24556" kind="function"><name>getY</name></member>
    <member refid="classcom_1_1_lumin_a_r_1_1_project_1_1_g_p_s_location_1a020d6cb74a42280e2b662d53d9e074ba" kind="function"><name>getZ</name></member>
    <member refid="classcom_1_1_lumin_a_r_1_1_project_1_1_g_p_s_location_1a96741530d46c4b97c2cdc741c0ed58f5" kind="function"><name>getDegrees</name></member>
    <member refid="classcom_1_1_lumin_a_r_1_1_project_1_1_g_p_s_location_1a039a34d890377faf0299724d1cdcdf4d" kind="function"><name>onCreate</name></member>
    <member refid="classcom_1_1_lumin_a_r_1_1_project_1_1_g_p_s_location_1a8191c105c02d4397b7d38086c777007a" kind="function"><name>onResume</name></member>
    <member refid="classcom_1_1_lumin_a_r_1_1_project_1_1_g_p_s_location_1ae14378908ad3f06ca14674489ff3c242" kind="function"><name>onPause</name></member>
    <member refid="classcom_1_1_lumin_a_r_1_1_project_1_1_g_p_s_location_1acb9e14cce95d5edc711093c24c508dbd" kind="function"><name>onStop</name></member>
  </compound>
  <compound refid="class_g_p_s_manager" kind="class"><name>GPSManager</name>
    <member refid="class_g_p_s_manager_1acff0e45c53155606483cc9054aea1f33" kind="variable"><name>userLocation</name></member>
    <member refid="class_g_p_s_manager_1a99609df2328f567906dbd749be2efd1c" kind="variable"><name>xValue</name></member>
    <member refid="class_g_p_s_manager_1a7ea9347dbe3931e81d9993edee505fdb" kind="variable"><name>yValue</name></member>
    <member refid="class_g_p_s_manager_1a6db207ef9106087ed3544aaaaae90a8c" kind="variable"><name>zValue</name></member>
    <member refid="class_g_p_s_manager_1aacf85f675cd3eb8d0f99d394f470bd00" kind="variable"><name>degrees</name></member>
    <member refid="class_g_p_s_manager_1af586495843a8952f27235c86ff7a818c" kind="variable"><name>gpsActivityJavaClass</name></member>
    <member refid="class_g_p_s_manager_1abab89e654ad5fb8385d2497e27a6a96b" kind="function"><name>Start</name></member>
    <member refid="class_g_p_s_manager_1a743dea1d8b44136547afcad857c6d00e" kind="function"><name>Update</name></member>
    <member refid="class_g_p_s_manager_1a6900dee86095c191592dcc7230f2c4a1" kind="function"><name>OnGUI</name></member>
  </compound>
  <compound refid="namespacecom" kind="namespace"><name>com</name>
  </compound>
  <compound refid="namespacecom_1_1_lumin_a_r" kind="namespace"><name>com::LuminAR</name>
  </compound>
  <compound refid="namespacecom_1_1_lumin_a_r_1_1_project" kind="namespace"><name>com::LuminAR::Project</name>
  </compound>
  <compound refid="namespace_lumin_a_r" kind="namespace"><name>LuminAR</name>
  </compound>
  <compound refid="namespace_lumin_a_r_1_1_project" kind="namespace"><name>LuminAR::Project</name>
  </compound>
  <compound refid="namespace_mono_1_1_data_1_1_sqlite" kind="namespace"><name>Mono::Data::Sqlite</name>
  </compound>
  <compound refid="namespace_system" kind="namespace"><name>System</name>
  </compound>
  <compound refid="namespace_system_1_1_collections" kind="namespace"><name>System::Collections</name>
  </compound>
  <compound refid="namespace_system_1_1_data" kind="namespace"><name>System::Data</name>
  </compound>
  <compound refid="namespace_system_1_1_i_o" kind="namespace"><name>System::IO</name>
  </compound>
  <compound refid="namespace_system_1_1_net" kind="namespace"><name>System::Net</name>
  </compound>
  <compound refid="namespace_system_1_1_text" kind="namespace"><name>System::Text</name>
  </compound>
  <compound refid="namespace_unity_engine" kind="namespace"><name>UnityEngine</name>
  </compound>
  <compound refid="_g_p_s_location_8java" kind="file"><name>GPSLocation.java</name>
  </compound>
  <compound refid="_database_connect_8cs" kind="file"><name>DatabaseConnect.cs</name>
  </compound>
  <compound refid="_database_download_8cs" kind="file"><name>DatabaseDownload.cs</name>
  </compound>
  <compound refid="_database_functions_8cs" kind="file"><name>DatabaseFunctions.cs</name>
  </compound>
  <compound refid="_g_p_s_manager_8cs" kind="file"><name>GPSManager.cs</name>
  </compound>
  <compound refid="dir_fbad0b67197010ac820d4d93674f19ab" kind="dir"><name>assets/plugins/android</name>
  </compound>
  <compound refid="dir_0fe4d025addff9d4b6b3a3cd7b15852d" kind="dir"><name>assets</name>
  </compound>
  <compound refid="dir_e7cf40edc383fb766824bea156df6786" kind="dir"><name>assets/plugins/android/com</name>
  </compound>
  <compound refid="dir_83916b8a6f8c587521e7d433f7600931" kind="dir"><name>assets/plugins/android/com/LuminAR</name>
  </compound>
  <compound refid="dir_1c0a11c9b258b446a04e116cb8faa990" kind="dir"><name>assets/plugins</name>
  </compound>
  <compound refid="dir_95bd158c2dd26f7da543d685c40955f0" kind="dir"><name>assets/plugins/android/com/LuminAR/Project</name>
  </compound>
</doxygenindex>
