<?xml version='1.0' encoding='UTF-8' standalone='no'?>
<doxygen xmlns:xsi="http://www.w3.org/2001/XMLSchema-instance" xsi:noNamespaceSchemaLocation="compound.xsd" version="1.8.10">
  <compounddef id="namespacecom_1_1_lumin_a_r_1_1_project" kind="namespace" language="Java">
    <compoundname>com::LuminAR::Project</compoundname>
    <innerclass refid="classcom_1_1_lumin_a_r_1_1_project_1_1_g_p_s_location" prot="public">com::LuminAR::Project::GPSLocation</innerclass>
    <briefdescription>
    </briefdescription>
    <detaileddescription>
    </detaileddescription>
    <location file="assets/plugins/android/com/LuminAR/Project/GPSLocation.java" line="1" column="1"/>
  </compounddef>
</doxygen>
