<?xml version='1.0' encoding='UTF-8' standalone='no'?>
<doxygen xmlns:xsi="http://www.w3.org/2001/XMLSchema-instance" xsi:noNamespaceSchemaLocation="compound.xsd" version="1.8.10">
  <compounddef id="namespace_lumin_a_r_1_1_project" kind="namespace" language="C#">
    <compoundname>LuminAR::Project</compoundname>
    <innerclass refid="class_lumin_a_r_1_1_project_1_1_database_connect" prot="public">LuminAR::Project::DatabaseConnect</innerclass>
    <innerclass refid="class_lumin_a_r_1_1_project_1_1_database_download" prot="public">LuminAR::Project::DatabaseDownload</innerclass>
    <innerclass refid="class_lumin_a_r_1_1_project_1_1_database_functions" prot="public">LuminAR::Project::DatabaseFunctions</innerclass>
    <briefdescription>
    </briefdescription>
    <detaileddescription>
    </detaileddescription>
    <location file="assets/plugins/DatabaseConnect.cs" line="7" column="1"/>
  </compounddef>
</doxygen>
