<?xml version='1.0' encoding='UTF-8' standalone='no'?>
<doxygen xmlns:xsi="http://www.w3.org/2001/XMLSchema-instance" xsi:noNamespaceSchemaLocation="compound.xsd" version="1.8.10">
  <compounddef id="namespacecom" kind="namespace" language="Java">
    <compoundname>com</compoundname>
    <innernamespace refid="namespacecom_1_1_lumin_a_r">com::LuminAR</innernamespace>
    <briefdescription>
    </briefdescription>
    <detaileddescription>
    </detaileddescription>
    <location file="[generated]" line="1" column="1"/>
  </compounddef>
</doxygen>
