<?xml version='1.0' encoding='UTF-8' standalone='no'?>
<doxygen xmlns:xsi="http://www.w3.org/2001/XMLSchema-instance" xsi:noNamespaceSchemaLocation="compound.xsd" version="1.8.10">
  <compounddef id="_database_download_8cs" kind="file" language="C#">
    <compoundname>DatabaseDownload.cs</compoundname>
    <innerclass refid="class_lumin_a_r_1_1_project_1_1_database_download" prot="public">LuminAR::Project::DatabaseDownload</innerclass>
    <innernamespace refid="namespace_lumin_a_r_1_1_project">LuminAR::Project</innernamespace>
    <innernamespace refid="namespace_system_1_1_text">System::Text</innernamespace>
    <innernamespace refid="namespace_system_1_1_i_o">System::IO</innernamespace>
    <innernamespace refid="namespace_system_1_1_net">System::Net</innernamespace>
    <briefdescription>
    </briefdescription>
    <detaileddescription>
    </detaileddescription>
    <programlisting>
<codeline lineno="1"><highlight class="keyword">using</highlight><highlight class="normal"><sp/><ref refid="namespace_unity_engine" kindref="compound">UnityEngine</ref>;</highlight></codeline>
<codeline lineno="2"><highlight class="normal"></highlight><highlight class="keyword">using</highlight><highlight class="normal"><sp/><ref refid="namespace_system" kindref="compound">System</ref>;</highlight></codeline>
<codeline lineno="3"><highlight class="normal"></highlight><highlight class="keyword">using</highlight><highlight class="normal"><sp/><ref refid="namespace_system" kindref="compound">System</ref>.Text;</highlight></codeline>
<codeline lineno="4"><highlight class="normal"></highlight><highlight class="keyword">using</highlight><highlight class="normal"><sp/><ref refid="namespace_system" kindref="compound">System</ref>.Collections;</highlight></codeline>
<codeline lineno="5"><highlight class="normal"></highlight><highlight class="keyword">using</highlight><highlight class="normal"><sp/><ref refid="namespace_system" kindref="compound">System</ref>.IO;</highlight></codeline>
<codeline lineno="6"><highlight class="normal"></highlight><highlight class="keyword">using</highlight><highlight class="normal"><sp/><ref refid="namespace_system" kindref="compound">System</ref>.Net;</highlight></codeline>
<codeline lineno="7"><highlight class="normal"></highlight></codeline>
<codeline lineno="8"><highlight class="normal"></highlight><highlight class="keyword">namespace<sp/></highlight><highlight class="normal"><ref refid="namespace_lumin_a_r" kindref="compound">LuminAR</ref>.Project{</highlight></codeline>
<codeline lineno="9"><highlight class="normal"></highlight></codeline>
<codeline lineno="10" refid="class_lumin_a_r_1_1_project_1_1_database_download" refkind="compound"><highlight class="normal"><sp/><sp/><sp/><sp/></highlight><highlight class="keyword">public</highlight><highlight class="normal"><sp/></highlight><highlight class="keyword">class<sp/></highlight><highlight class="normal"><ref refid="class_lumin_a_r_1_1_project_1_1_database_download" kindref="compound">DatabaseDownload</ref><sp/>:<sp/>MonoBehaviour<sp/>{</highlight></codeline>
<codeline lineno="11"><highlight class="normal"></highlight></codeline>
<codeline lineno="12"><highlight class="normal"><sp/><sp/><sp/><sp/><sp/><sp/><sp/><sp/>[Header(</highlight><highlight class="stringliteral">&quot;File<sp/>Save<sp/>destination&quot;</highlight><highlight class="normal">)]</highlight></codeline>
<codeline lineno="13"><highlight class="normal"><sp/><sp/><sp/><sp/><sp/><sp/><sp/><sp/></highlight><highlight class="comment">//<sp/>This<sp/>can<sp/>be<sp/>used<sp/>to<sp/>download<sp/>the<sp/>file<sp/>elsewhere.</highlight><highlight class="normal"></highlight></codeline>
<codeline lineno="14"><highlight class="normal"><sp/><sp/><sp/><sp/><sp/><sp/><sp/><sp/></highlight><highlight class="keyword">public</highlight><highlight class="normal"><sp/></highlight><highlight class="keywordtype">string</highlight><highlight class="normal"><sp/>fileLocation;<sp/></highlight></codeline>
<codeline lineno="16"><highlight class="normal"><sp/><sp/><sp/><sp/><sp/><sp/><sp/><sp/>[Header(</highlight><highlight class="stringliteral">&quot;Sever<sp/>to<sp/>download<sp/>db<sp/>from&quot;</highlight><highlight class="normal">)]</highlight></codeline>
<codeline lineno="17"><highlight class="normal"><sp/><sp/><sp/><sp/><sp/><sp/><sp/><sp/></highlight><highlight class="keyword">public</highlight><highlight class="normal"><sp/></highlight><highlight class="keywordtype">string</highlight><highlight class="normal"><sp/>url<sp/>=<sp/></highlight><highlight class="stringliteral">&quot;http://www.nzwheelsonline.com/AHCI/gpsnodes.sqlite&quot;</highlight><highlight class="normal">;<sp/></highlight></codeline>
<codeline lineno="19"><highlight class="normal"><sp/><sp/><sp/><sp/><sp/><sp/><sp/><sp/>WWW<sp/>www;</highlight></codeline>
<codeline lineno="20"><highlight class="normal"></highlight></codeline>
<codeline lineno="21"><highlight class="normal"><sp/><sp/><sp/><sp/><sp/><sp/><sp/><sp/></highlight><highlight class="keyword">public</highlight><highlight class="normal"><sp/>IEnumerator<sp/>Start(){<sp/></highlight></codeline>
<codeline lineno="29"><highlight class="normal"><sp/><sp/><sp/><sp/><sp/><sp/><sp/><sp/><sp/><sp/><sp/><sp/>www<sp/>=<sp/></highlight><highlight class="keyword">new</highlight><highlight class="normal"><sp/>WWW<sp/>(url);</highlight></codeline>
<codeline lineno="30"><highlight class="normal"></highlight></codeline>
<codeline lineno="31"><highlight class="normal"><sp/><sp/><sp/><sp/><sp/><sp/><sp/><sp/><sp/><sp/><sp/><sp/></highlight><highlight class="keywordflow">while</highlight><highlight class="normal"><sp/>(!www.isDone)<sp/>{</highlight></codeline>
<codeline lineno="32"><highlight class="normal"><sp/><sp/><sp/><sp/><sp/><sp/><sp/><sp/><sp/><sp/><sp/><sp/><sp/><sp/><sp/><sp/>Debug.Log<sp/>(</highlight><highlight class="stringliteral">&quot;downloaded<sp/>&quot;</highlight><highlight class="normal"><sp/>+<sp/>(www.progress*100).ToString()<sp/>+<sp/></highlight><highlight class="stringliteral">&quot;%...&quot;</highlight><highlight class="normal">);</highlight></codeline>
<codeline lineno="33"><highlight class="normal"><sp/><sp/><sp/><sp/><sp/><sp/><sp/><sp/><sp/><sp/><sp/><sp/><sp/><sp/><sp/><sp/>yield<sp/></highlight><highlight class="keywordflow">return</highlight><highlight class="normal"><sp/>null;</highlight></codeline>
<codeline lineno="34"><highlight class="normal"><sp/><sp/><sp/><sp/><sp/><sp/><sp/><sp/><sp/><sp/><sp/><sp/>}</highlight></codeline>
<codeline lineno="35"><highlight class="normal"><sp/><sp/><sp/><sp/><sp/><sp/><sp/><sp/><sp/><sp/><sp/><sp/>Debug.Log<sp/>(</highlight><highlight class="stringliteral">&quot;Download<sp/>Complete&quot;</highlight><highlight class="normal">);</highlight></codeline>
<codeline lineno="36"><highlight class="normal"><sp/><sp/><sp/><sp/><sp/><sp/><sp/><sp/><sp/><sp/><sp/><sp/></highlight><highlight class="keywordtype">string</highlight><highlight class="normal"><sp/>fullPath<sp/>=<sp/>Application.persistentDataPath<sp/>+<sp/></highlight><highlight class="stringliteral">&quot;/gpsnodes.sqlite&quot;</highlight><highlight class="normal">;</highlight></codeline>
<codeline lineno="37"><highlight class="normal"><sp/><sp/><sp/><sp/><sp/><sp/><sp/><sp/><sp/><sp/><sp/><sp/>Debug.Log<sp/>(Application.persistentDataPath);</highlight></codeline>
<codeline lineno="38"><highlight class="normal"><sp/><sp/><sp/><sp/><sp/><sp/><sp/><sp/><sp/><sp/><sp/><sp/>File.WriteAllBytes<sp/>(fullPath,<sp/>www.bytes);</highlight></codeline>
<codeline lineno="39"><highlight class="normal"><sp/><sp/><sp/><sp/><sp/><sp/><sp/><sp/>}</highlight></codeline>
<codeline lineno="40"><highlight class="normal"></highlight></codeline>
<codeline lineno="41"><highlight class="normal"><sp/><sp/><sp/><sp/>}</highlight></codeline>
<codeline lineno="42"><highlight class="normal">}</highlight></codeline>
    </programlisting>
    <location file="assets/plugins/DatabaseDownload.cs"/>
  </compounddef>
</doxygen>
