<?xml version='1.0' encoding='UTF-8' standalone='no'?>
<doxygen xmlns:xsi="http://www.w3.org/2001/XMLSchema-instance" xsi:noNamespaceSchemaLocation="compound.xsd" version="1.8.10">
  <compounddef id="_database_functions_8cs" kind="file" language="C#">
    <compoundname>DatabaseFunctions.cs</compoundname>
    <innerclass refid="class_lumin_a_r_1_1_project_1_1_database_functions" prot="public">LuminAR::Project::DatabaseFunctions</innerclass>
    <innernamespace refid="namespace_lumin_a_r_1_1_project">LuminAR::Project</innernamespace>
    <briefdescription>
    </briefdescription>
    <detaileddescription>
    </detaileddescription>
    <programlisting>
<codeline lineno="1"><highlight class="keyword">using</highlight><highlight class="normal"><sp/><ref refid="namespace_unity_engine" kindref="compound">UnityEngine</ref>;</highlight></codeline>
<codeline lineno="2"><highlight class="normal"></highlight><highlight class="keyword">using</highlight><highlight class="normal"><sp/><ref refid="namespace_system" kindref="compound">System</ref>.Collections;</highlight></codeline>
<codeline lineno="3"><highlight class="normal"></highlight></codeline>
<codeline lineno="4"><highlight class="normal"></highlight><highlight class="keyword">namespace<sp/></highlight><highlight class="normal"><ref refid="namespace_lumin_a_r" kindref="compound">LuminAR</ref>.Project{</highlight></codeline>
<codeline lineno="5"><highlight class="normal"></highlight></codeline>
<codeline lineno="6" refid="class_lumin_a_r_1_1_project_1_1_database_functions" refkind="compound"><highlight class="normal"><sp/><sp/><sp/><sp/></highlight><highlight class="keyword">public</highlight><highlight class="normal"><sp/></highlight><highlight class="keyword">class<sp/></highlight><highlight class="normal"><ref refid="class_lumin_a_r_1_1_project_1_1_database_functions" kindref="compound">DatabaseFunctions</ref><sp/>:<sp/>MonoBehaviour<sp/>{</highlight></codeline>
<codeline lineno="7"><highlight class="normal"></highlight></codeline>
<codeline lineno="8"><highlight class="normal"><sp/><sp/><sp/><sp/><sp/><sp/><sp/><sp/></highlight><highlight class="keyword">private</highlight><highlight class="normal"><sp/></highlight><highlight class="keywordtype">bool</highlight><highlight class="normal"><sp/>hidden<sp/>=<sp/></highlight><highlight class="keyword">true</highlight><highlight class="normal">;<sp/></highlight></codeline>
<codeline lineno="10"><highlight class="normal"><sp/><sp/><sp/><sp/><sp/><sp/><sp/><sp/>[Header(</highlight><highlight class="stringliteral">&quot;Edit<sp/>Specific<sp/>Location<sp/>Information&quot;</highlight><highlight class="normal">)]</highlight></codeline>
<codeline lineno="11"><highlight class="normal"><sp/><sp/><sp/><sp/><sp/><sp/><sp/><sp/></highlight><highlight class="keyword">public</highlight><highlight class="normal"><sp/></highlight><highlight class="keywordtype">int</highlight><highlight class="normal"><sp/>edit_gps_id<sp/>=<sp/>0;<sp/></highlight></codeline>
<codeline lineno="12"><highlight class="normal"><sp/><sp/><sp/><sp/><sp/><sp/><sp/><sp/></highlight><highlight class="keyword">public</highlight><highlight class="normal"><sp/></highlight><highlight class="keywordtype">float</highlight><highlight class="normal"><sp/>edit_gps_lat<sp/>=<sp/>-36f;<sp/></highlight></codeline>
<codeline lineno="13"><highlight class="normal"><sp/><sp/><sp/><sp/><sp/><sp/><sp/><sp/></highlight><highlight class="keyword">public</highlight><highlight class="normal"><sp/></highlight><highlight class="keywordtype">float</highlight><highlight class="normal"><sp/>edit_gps_long<sp/>=<sp/>174f;<sp/></highlight></codeline>
<codeline lineno="14"><highlight class="normal"><sp/><sp/><sp/><sp/><sp/><sp/><sp/><sp/></highlight><highlight class="keyword">public</highlight><highlight class="normal"><sp/></highlight><highlight class="keywordtype">string</highlight><highlight class="normal"><sp/>edit_gps_desc<sp/>=<sp/></highlight><highlight class="stringliteral">&quot;GPS<sp/>DESCRIPTION&quot;</highlight><highlight class="normal">;<sp/></highlight></codeline>
<codeline lineno="16"><highlight class="normal"><sp/><sp/><sp/><sp/><sp/><sp/><sp/><sp/>[Header(</highlight><highlight class="stringliteral">&quot;Insert<sp/>new<sp/>gps<sp/>Location<sp/>values&quot;</highlight><highlight class="normal">)]</highlight></codeline>
<codeline lineno="17"><highlight class="normal"><sp/><sp/><sp/><sp/><sp/><sp/><sp/><sp/></highlight><highlight class="keyword">public</highlight><highlight class="normal"><sp/></highlight><highlight class="keywordtype">string</highlight><highlight class="normal"><sp/>gps_lat<sp/>=<sp/></highlight><highlight class="stringliteral">&quot;GPS<sp/>LATITUDE&quot;</highlight><highlight class="normal">;<sp/></highlight></codeline>
<codeline lineno="18"><highlight class="normal"><sp/><sp/><sp/><sp/><sp/><sp/><sp/><sp/></highlight><highlight class="keyword">public</highlight><highlight class="normal"><sp/></highlight><highlight class="keywordtype">string</highlight><highlight class="normal"><sp/>gps_long<sp/>=<sp/></highlight><highlight class="stringliteral">&quot;GPS<sp/>LONGITUDE&quot;</highlight><highlight class="normal">;<sp/></highlight></codeline>
<codeline lineno="19"><highlight class="normal"><sp/><sp/><sp/><sp/><sp/><sp/><sp/><sp/></highlight><highlight class="keyword">public</highlight><highlight class="normal"><sp/></highlight><highlight class="keywordtype">string</highlight><highlight class="normal"><sp/>gps_desc<sp/>=<sp/></highlight><highlight class="stringliteral">&quot;GPS<sp/>DESCRIPTION&quot;</highlight><highlight class="normal">;<sp/></highlight></codeline>
<codeline lineno="21"><highlight class="normal"><sp/><sp/><sp/><sp/><sp/><sp/><sp/><sp/>[Header(</highlight><highlight class="stringliteral">&quot;Delete<sp/>Location<sp/>node<sp/>at:&quot;</highlight><highlight class="normal">)]</highlight></codeline>
<codeline lineno="22"><highlight class="normal"><sp/><sp/><sp/><sp/><sp/><sp/><sp/><sp/></highlight><highlight class="keyword">public</highlight><highlight class="normal"><sp/></highlight><highlight class="keywordtype">int</highlight><highlight class="normal"><sp/>delete_edit_gps_id<sp/>=<sp/>0;<sp/></highlight></codeline>
<codeline lineno="24"><highlight class="normal"><sp/><sp/><sp/><sp/><sp/><sp/><sp/><sp/><ref refid="class_lumin_a_r_1_1_project_1_1_database_connect" kindref="compound">DatabaseConnect</ref><sp/>db;</highlight></codeline>
<codeline lineno="25"><highlight class="normal"></highlight></codeline>
<codeline lineno="26"><highlight class="normal"><sp/><sp/><sp/><sp/><sp/><sp/><sp/><sp/></highlight><highlight class="keywordtype">void</highlight><highlight class="normal"><sp/>Awake(){</highlight></codeline>
<codeline lineno="31"><highlight class="normal"><sp/><sp/><sp/><sp/><sp/><sp/><sp/><sp/><sp/><sp/><sp/><sp/>db<sp/>=<sp/></highlight><highlight class="keyword">new</highlight><highlight class="normal"><sp/><ref refid="class_lumin_a_r_1_1_project_1_1_database_connect" kindref="compound">DatabaseConnect</ref>();</highlight></codeline>
<codeline lineno="32"><highlight class="normal"><sp/><sp/><sp/><sp/><sp/><sp/><sp/><sp/><sp/><sp/><sp/><sp/>db.<ref refid="class_lumin_a_r_1_1_project_1_1_database_connect_1a61335b3864fd4628dcc0bbc00888c232" kindref="member">openDB</ref>();</highlight></codeline>
<codeline lineno="33"><highlight class="normal"><sp/><sp/><sp/><sp/><sp/><sp/><sp/><sp/>}</highlight></codeline>
<codeline lineno="34"><highlight class="normal"></highlight></codeline>
<codeline lineno="35"><highlight class="normal"><sp/><sp/><sp/><sp/><sp/><sp/><sp/><sp/></highlight><highlight class="keywordtype">void</highlight><highlight class="normal"><sp/>OnGUI()<sp/>{</highlight></codeline>
<codeline lineno="45"><highlight class="normal"><sp/><sp/><sp/><sp/><sp/><sp/><sp/><sp/><sp/><sp/><sp/><sp/></highlight><highlight class="keywordtype">float</highlight><highlight class="normal"><sp/>w<sp/>=<sp/>Screen.width;</highlight></codeline>
<codeline lineno="46"><highlight class="normal"><sp/><sp/><sp/><sp/><sp/><sp/><sp/><sp/><sp/><sp/><sp/><sp/></highlight><highlight class="keywordtype">float</highlight><highlight class="normal"><sp/>h<sp/>=<sp/>Screen.height;</highlight></codeline>
<codeline lineno="47"><highlight class="normal"><sp/><sp/><sp/><sp/><sp/><sp/><sp/><sp/><sp/><sp/><sp/><sp/></highlight><highlight class="keywordflow">if</highlight><highlight class="normal"><sp/>(w<sp/>&gt;<sp/>h)<sp/>{</highlight></codeline>
<codeline lineno="48"><highlight class="normal"><sp/><sp/><sp/><sp/><sp/><sp/><sp/><sp/><sp/><sp/><sp/><sp/><sp/><sp/><sp/><sp/>w/=10;<sp/></highlight></codeline>
<codeline lineno="49"><highlight class="normal"><sp/><sp/><sp/><sp/><sp/><sp/><sp/><sp/><sp/><sp/><sp/><sp/><sp/><sp/><sp/><sp/>h/=5;<sp/><sp/><sp/></highlight></codeline>
<codeline lineno="50"><highlight class="normal"><sp/><sp/><sp/><sp/><sp/><sp/><sp/><sp/><sp/><sp/><sp/><sp/>}<sp/></highlight><highlight class="keywordflow">else</highlight><highlight class="normal"><sp/>{</highlight></codeline>
<codeline lineno="51"><highlight class="normal"><sp/><sp/><sp/><sp/><sp/><sp/><sp/><sp/><sp/><sp/><sp/><sp/><sp/><sp/><sp/><sp/>w/=5;<sp/></highlight></codeline>
<codeline lineno="52"><highlight class="normal"><sp/><sp/><sp/><sp/><sp/><sp/><sp/><sp/><sp/><sp/><sp/><sp/><sp/><sp/><sp/><sp/>h/=10;<sp/><sp/></highlight></codeline>
<codeline lineno="53"><highlight class="normal"><sp/><sp/><sp/><sp/><sp/><sp/><sp/><sp/><sp/><sp/><sp/><sp/>}</highlight></codeline>
<codeline lineno="54"><highlight class="normal"><sp/><sp/><sp/><sp/><sp/><sp/><sp/><sp/><sp/><sp/><sp/><sp/></highlight></codeline>
<codeline lineno="55"><highlight class="normal"><sp/><sp/><sp/><sp/><sp/><sp/><sp/><sp/><sp/><sp/><sp/><sp/></highlight></codeline>
<codeline lineno="56"><highlight class="normal"><sp/><sp/><sp/><sp/><sp/><sp/><sp/><sp/><sp/><sp/><sp/><sp/></highlight><highlight class="keywordflow">if</highlight><highlight class="normal"><sp/>(!hidden)<sp/>{</highlight></codeline>
<codeline lineno="57"><highlight class="normal"><sp/><sp/><sp/><sp/><sp/><sp/><sp/><sp/><sp/><sp/><sp/><sp/><sp/><sp/><sp/><sp/>gps_lat<sp/>=<sp/>GUI.TextField(</highlight><highlight class="keyword">new</highlight><highlight class="normal"><sp/>Rect(Screen.width<sp/>/<sp/>2<sp/>-<sp/>70,<sp/>Screen.height<sp/>/<sp/>2<sp/>+<sp/>25,<sp/>Screen.width<sp/>/<sp/>3,<sp/>25),<sp/>gps_lat);</highlight></codeline>
<codeline lineno="58"><highlight class="normal"><sp/><sp/><sp/><sp/><sp/><sp/><sp/><sp/><sp/><sp/><sp/><sp/><sp/><sp/><sp/><sp/>gps_long<sp/>=<sp/>GUI.TextField(</highlight><highlight class="keyword">new</highlight><highlight class="normal"><sp/>Rect(Screen.width<sp/>/<sp/>2<sp/>-<sp/>70,<sp/>Screen.height<sp/>/<sp/>2<sp/>+<sp/>60,<sp/>Screen.width<sp/>/<sp/>3,<sp/>25),<sp/>gps_long);</highlight></codeline>
<codeline lineno="59"><highlight class="normal"><sp/><sp/><sp/><sp/><sp/><sp/><sp/><sp/><sp/><sp/><sp/><sp/><sp/><sp/><sp/><sp/>gps_desc<sp/>=<sp/>GUI.TextField(</highlight><highlight class="keyword">new</highlight><highlight class="normal"><sp/>Rect(Screen.width<sp/>/<sp/>2<sp/>-<sp/>70,<sp/>Screen.height<sp/>/<sp/>2<sp/>+<sp/>95,<sp/>Screen.width<sp/>/<sp/>3,<sp/>25),<sp/>gps_desc);</highlight></codeline>
<codeline lineno="60"><highlight class="normal"><sp/><sp/><sp/><sp/><sp/><sp/><sp/><sp/><sp/><sp/><sp/><sp/><sp/><sp/><sp/><sp/></highlight><highlight class="keywordflow">if</highlight><highlight class="normal"><sp/>(GUI.Button(</highlight><highlight class="keyword">new</highlight><highlight class="normal"><sp/>Rect(Screen.width<sp/>-<sp/>w<sp/>-20,<sp/>Screen.height<sp/>/<sp/>2,<sp/>w,<sp/>40),<sp/></highlight><highlight class="stringliteral">&quot;INSERT<sp/>TO<sp/>DB&quot;</highlight><highlight class="normal">)){</highlight></codeline>
<codeline lineno="61"><highlight class="normal"><sp/><sp/><sp/><sp/><sp/><sp/><sp/><sp/><sp/><sp/><sp/><sp/><sp/><sp/><sp/><sp/><sp/><sp/><sp/><sp/>db.<ref refid="class_lumin_a_r_1_1_project_1_1_database_connect_1a2b4e9aadb9bf5e6e58f8363287275c6c" kindref="member">insertToDB</ref>(<ref refid="namespace_system" kindref="compound">System</ref>.Convert.ToSingle(gps_lat),<sp/><ref refid="namespace_system" kindref="compound">System</ref>.Convert.ToSingle(gps_long),<sp/>gps_desc);</highlight></codeline>
<codeline lineno="62"><highlight class="normal"><sp/><sp/><sp/><sp/><sp/><sp/><sp/><sp/><sp/><sp/><sp/><sp/><sp/><sp/><sp/><sp/><sp/><sp/><sp/><sp/>hide(</highlight><highlight class="keyword">true</highlight><highlight class="normal">);</highlight></codeline>
<codeline lineno="63"><highlight class="normal"><sp/><sp/><sp/><sp/><sp/><sp/><sp/><sp/><sp/><sp/><sp/><sp/><sp/><sp/><sp/><sp/>}</highlight></codeline>
<codeline lineno="64"><highlight class="normal"><sp/><sp/><sp/><sp/><sp/><sp/><sp/><sp/><sp/><sp/><sp/><sp/>}<sp/></highlight><highlight class="keywordflow">else</highlight><highlight class="normal"><sp/>{</highlight></codeline>
<codeline lineno="65"><highlight class="normal"><sp/><sp/><sp/><sp/><sp/><sp/><sp/><sp/><sp/><sp/><sp/><sp/><sp/><sp/><sp/><sp/></highlight><highlight class="keywordflow">if</highlight><highlight class="normal"><sp/>(GUI.Button(</highlight><highlight class="keyword">new</highlight><highlight class="normal"><sp/>Rect(Screen.width<sp/>-<sp/>w<sp/>-20,<sp/>Screen.height<sp/>/<sp/>2,<sp/>w,<sp/>40),<sp/></highlight><highlight class="stringliteral">&quot;Show&quot;</highlight><highlight class="normal">))<sp/>{</highlight></codeline>
<codeline lineno="66"><highlight class="normal"><sp/><sp/><sp/><sp/><sp/><sp/><sp/><sp/><sp/><sp/><sp/><sp/><sp/><sp/><sp/><sp/><sp/><sp/><sp/><sp/>hide(</highlight><highlight class="keyword">false</highlight><highlight class="normal">);</highlight></codeline>
<codeline lineno="67"><highlight class="normal"><sp/><sp/><sp/><sp/><sp/><sp/><sp/><sp/><sp/><sp/><sp/><sp/><sp/><sp/><sp/><sp/>}</highlight></codeline>
<codeline lineno="68"><highlight class="normal"><sp/><sp/><sp/><sp/><sp/><sp/><sp/><sp/><sp/><sp/><sp/><sp/>}</highlight></codeline>
<codeline lineno="69"><highlight class="normal"></highlight></codeline>
<codeline lineno="70"><highlight class="normal"><sp/><sp/><sp/><sp/><sp/><sp/><sp/><sp/><sp/><sp/><sp/><sp/></highlight><highlight class="keywordflow">if</highlight><highlight class="normal"><sp/>(GUI.Button(</highlight><highlight class="keyword">new</highlight><highlight class="normal"><sp/>Rect(Screen.width<sp/>-<sp/>w<sp/>-20,<sp/>Screen.height<sp/>/<sp/>2<sp/>+<sp/>80,<sp/>w,<sp/>40),</highlight><highlight class="stringliteral">&quot;Get<sp/>Distance&quot;</highlight><highlight class="normal">)){</highlight></codeline>
<codeline lineno="71"><highlight class="normal"><sp/><sp/><sp/><sp/><sp/><sp/><sp/><sp/><sp/><sp/><sp/><sp/><sp/><sp/><sp/><sp/>db.<ref refid="class_lumin_a_r_1_1_project_1_1_database_connect_1adb4a70d01209718aba04ff667a11f394" kindref="member">getDistance</ref>();</highlight></codeline>
<codeline lineno="72"><highlight class="normal"><sp/><sp/><sp/><sp/><sp/><sp/><sp/><sp/><sp/><sp/><sp/><sp/>}</highlight></codeline>
<codeline lineno="73"><highlight class="normal"><sp/><sp/><sp/><sp/><sp/><sp/><sp/><sp/><sp/><sp/><sp/><sp/></highlight><highlight class="keywordflow">if</highlight><highlight class="normal"><sp/>(GUI.Button(</highlight><highlight class="keyword">new</highlight><highlight class="normal"><sp/>Rect(Screen.width<sp/>-<sp/>w<sp/>-20,<sp/>Screen.height<sp/>/<sp/>2<sp/>+<sp/>160,<sp/>w,<sp/>40),</highlight><highlight class="stringliteral">&quot;Edit<sp/>a<sp/>Location&quot;</highlight><highlight class="normal">)){</highlight></codeline>
<codeline lineno="74"><highlight class="normal"><sp/><sp/><sp/><sp/><sp/><sp/><sp/><sp/><sp/><sp/><sp/><sp/><sp/><sp/><sp/><sp/>db.<ref refid="class_lumin_a_r_1_1_project_1_1_database_connect_1a70612e913d216358b56ecbc1e796f2dc" kindref="member">editLocation</ref>(edit_gps_id,edit_gps_lat,edit_gps_long,edit_gps_desc);</highlight></codeline>
<codeline lineno="75"><highlight class="normal"><sp/><sp/><sp/><sp/><sp/><sp/><sp/><sp/><sp/><sp/><sp/><sp/>}</highlight></codeline>
<codeline lineno="76"><highlight class="normal"><sp/><sp/><sp/><sp/><sp/><sp/><sp/><sp/><sp/><sp/><sp/><sp/></highlight><highlight class="keywordflow">if</highlight><highlight class="normal"><sp/>(GUI.Button(</highlight><highlight class="keyword">new</highlight><highlight class="normal"><sp/>Rect(Screen.width<sp/>-<sp/>w<sp/>-20,<sp/>Screen.height<sp/>/<sp/>2<sp/>+<sp/>240,<sp/>w,<sp/>40),</highlight><highlight class="stringliteral">&quot;Delete<sp/>a<sp/>Location&quot;</highlight><highlight class="normal">)){</highlight></codeline>
<codeline lineno="77"><highlight class="normal"><sp/><sp/><sp/><sp/><sp/><sp/><sp/><sp/><sp/><sp/><sp/><sp/><sp/><sp/><sp/><sp/>db.<ref refid="class_lumin_a_r_1_1_project_1_1_database_connect_1a1a245a2828d1dc44ba9c69aca2f12d53" kindref="member">deleteLocation</ref>(delete_edit_gps_id);</highlight></codeline>
<codeline lineno="78"><highlight class="normal"><sp/><sp/><sp/><sp/><sp/><sp/><sp/><sp/><sp/><sp/><sp/><sp/>}</highlight></codeline>
<codeline lineno="79"><highlight class="normal"><sp/><sp/><sp/><sp/><sp/><sp/><sp/><sp/>}</highlight></codeline>
<codeline lineno="80"><highlight class="normal"><sp/><sp/><sp/><sp/><sp/><sp/><sp/><sp/></highlight></codeline>
<codeline lineno="81"><highlight class="normal"><sp/><sp/><sp/><sp/><sp/><sp/><sp/><sp/></highlight><highlight class="keyword">public</highlight><highlight class="normal"><sp/></highlight><highlight class="keywordtype">void</highlight><highlight class="normal"><sp/>hide(</highlight><highlight class="keywordtype">bool</highlight><highlight class="normal"><sp/>shouldHide)</highlight></codeline>
<codeline lineno="82"><highlight class="normal"><sp/><sp/><sp/><sp/><sp/><sp/><sp/><sp/>{</highlight></codeline>
<codeline lineno="86"><highlight class="normal"><sp/><sp/><sp/><sp/><sp/><sp/><sp/><sp/><sp/><sp/><sp/><sp/>hidden<sp/>=<sp/>shouldHide;</highlight></codeline>
<codeline lineno="87"><highlight class="normal"><sp/><sp/><sp/><sp/><sp/><sp/><sp/><sp/>}</highlight></codeline>
<codeline lineno="88"><highlight class="normal"><sp/><sp/><sp/><sp/>}</highlight></codeline>
<codeline lineno="89"><highlight class="normal">}</highlight></codeline>
    </programlisting>
    <location file="assets/plugins/DatabaseFunctions.cs"/>
  </compounddef>
</doxygen>
