<?xml version='1.0' encoding='UTF-8' standalone='no'?>
<doxygen xmlns:xsi="http://www.w3.org/2001/XMLSchema-instance" xsi:noNamespaceSchemaLocation="compound.xsd" version="1.8.10">
  <compounddef id="class_g_p_s_manager" kind="class" language="C#" prot="public">
    <compoundname>GPSManager</compoundname>
    <basecompoundref prot="public" virt="non-virtual">MonoBehaviour</basecompoundref>
      <sectiondef kind="private-static-attrib">
      <memberdef kind="variable" id="class_g_p_s_manager_1acff0e45c53155606483cc9054aea1f33" prot="private" static="yes" mutable="no">
        <type>string</type>
        <definition>string GPSManager.userLocation</definition>
        <argsstring></argsstring>
        <name>userLocation</name>
        <briefdescription>
        </briefdescription>
        <detaileddescription>
<para>This class is the bridge between the Unity plugins and the JAVA plugin that does the Android functions. The functions in this class are used by the other Plugins. <simplesect kind="see"><para><ref refid="_database_connect_8cs" kindref="compound">DatabaseConnect.cs</ref> </para></simplesect>
<simplesect kind="see"><para><ref refid="_database_download_8cs" kindref="compound">DatabaseDownload.cs</ref> </para></simplesect>
<simplesect kind="see"><para>DatabaseFunctions.csString that holds the user location in text. </para></simplesect>
</para>        </detaileddescription>
        <inbodydescription>
        </inbodydescription>
        <location file="assets/plugins/GPSManager.cs" line="15" column="1" bodyfile="assets/plugins/GPSManager.cs" bodystart="15" bodyend="-1"/>
      </memberdef>
      <memberdef kind="variable" id="class_g_p_s_manager_1a99609df2328f567906dbd749be2efd1c" prot="private" static="yes" mutable="no">
        <type>float</type>
        <definition>float GPSManager.xValue</definition>
        <argsstring></argsstring>
        <name>xValue</name>
        <briefdescription>
        </briefdescription>
        <detaileddescription>
<para>Float that stores x value for the user&apos;s bearing. </para>        </detaileddescription>
        <inbodydescription>
        </inbodydescription>
        <location file="assets/plugins/GPSManager.cs" line="17" column="1" bodyfile="assets/plugins/GPSManager.cs" bodystart="17" bodyend="-1"/>
      </memberdef>
      <memberdef kind="variable" id="class_g_p_s_manager_1a7ea9347dbe3931e81d9993edee505fdb" prot="private" static="yes" mutable="no">
        <type>float</type>
        <definition>float GPSManager.yValue</definition>
        <argsstring></argsstring>
        <name>yValue</name>
        <briefdescription>
        </briefdescription>
        <detaileddescription>
<para>Float that stores y value for the user&apos;s bearing. </para>        </detaileddescription>
        <inbodydescription>
        </inbodydescription>
        <location file="assets/plugins/GPSManager.cs" line="18" column="1" bodyfile="assets/plugins/GPSManager.cs" bodystart="18" bodyend="-1"/>
      </memberdef>
      <memberdef kind="variable" id="class_g_p_s_manager_1a6db207ef9106087ed3544aaaaae90a8c" prot="private" static="yes" mutable="no">
        <type>float</type>
        <definition>float GPSManager.zValue</definition>
        <argsstring></argsstring>
        <name>zValue</name>
        <briefdescription>
        </briefdescription>
        <detaileddescription>
<para>Float that stores z value for the user&apos;s bearing. </para>        </detaileddescription>
        <inbodydescription>
        </inbodydescription>
        <location file="assets/plugins/GPSManager.cs" line="19" column="1" bodyfile="assets/plugins/GPSManager.cs" bodystart="19" bodyend="-1"/>
      </memberdef>
      <memberdef kind="variable" id="class_g_p_s_manager_1aacf85f675cd3eb8d0f99d394f470bd00" prot="private" static="yes" mutable="no">
        <type>float</type>
        <definition>float GPSManager.degrees</definition>
        <argsstring></argsstring>
        <name>degrees</name>
        <briefdescription>
        </briefdescription>
        <detaileddescription>
<para>Float that stores the bearing of the user in degrees (0-360). </para>        </detaileddescription>
        <inbodydescription>
        </inbodydescription>
        <location file="assets/plugins/GPSManager.cs" line="20" column="1" bodyfile="assets/plugins/GPSManager.cs" bodystart="20" bodyend="-1"/>
      </memberdef>
      </sectiondef>
      <sectiondef kind="private-attrib">
      <memberdef kind="variable" id="class_g_p_s_manager_1af586495843a8952f27235c86ff7a818c" prot="private" static="no" mutable="no">
        <type>AndroidJavaClass</type>
        <definition>AndroidJavaClass GPSManager.gpsActivityJavaClass</definition>
        <argsstring></argsstring>
        <name>gpsActivityJavaClass</name>
        <briefdescription>
        </briefdescription>
        <detaileddescription>
<para>AndroidJavaClass that will access the .jar for android functions. </para>        </detaileddescription>
        <inbodydescription>
        </inbodydescription>
        <location file="assets/plugins/GPSManager.cs" line="16" column="1" bodyfile="assets/plugins/GPSManager.cs" bodystart="16" bodyend="-1"/>
      </memberdef>
      </sectiondef>
      <sectiondef kind="private-func">
      <memberdef kind="function" id="class_g_p_s_manager_1abab89e654ad5fb8385d2497e27a6a96b" prot="private" static="no" const="no" explicit="no" inline="yes" virt="non-virtual">
        <type>void</type>
        <definition>void GPSManager.Start</definition>
        <argsstring>()</argsstring>
        <name>Start</name>
        <briefdescription>
        </briefdescription>
        <detaileddescription>
        </detaileddescription>
        <inbodydescription>
<para>The start method that attaches the .jar plugin to the unity thread to access the java functions. </para>        </inbodydescription>
        <location file="assets/plugins/GPSManager.cs" line="23" column="1" bodyfile="assets/plugins/GPSManager.cs" bodystart="23" bodyend="29"/>
      </memberdef>
      <memberdef kind="function" id="class_g_p_s_manager_1a743dea1d8b44136547afcad857c6d00e" prot="private" static="no" const="no" explicit="no" inline="yes" virt="non-virtual">
        <type>void</type>
        <definition>void GPSManager.Update</definition>
        <argsstring>()</argsstring>
        <name>Update</name>
        <briefdescription>
        </briefdescription>
        <detaileddescription>
        </detaileddescription>
        <inbodydescription>
<para>The update functions in Unity is called multiple times a second. This function is used to get the bearing of the user and display it updates with the update function call in unity. This function also grabs the user location and displays that to the user. It also updates accordingly.</para>        </inbodydescription>
        <location file="assets/plugins/GPSManager.cs" line="30" column="1" bodyfile="assets/plugins/GPSManager.cs" bodystart="30" bodyend="57"/>
      </memberdef>
      <memberdef kind="function" id="class_g_p_s_manager_1a6900dee86095c191592dcc7230f2c4a1" prot="private" static="no" const="no" explicit="no" inline="yes" virt="non-virtual">
        <type>void</type>
        <definition>void GPSManager.OnGUI</definition>
        <argsstring>()</argsstring>
        <name>OnGUI</name>
        <briefdescription>
        </briefdescription>
        <detaileddescription>
        </detaileddescription>
        <inbodydescription>
<para>This function displays the x, y and z values of the user on the Unity GUI.</para>        </inbodydescription>
        <location file="assets/plugins/GPSManager.cs" line="59" column="1" bodyfile="assets/plugins/GPSManager.cs" bodystart="59" bodyend="64"/>
      </memberdef>
      </sectiondef>
    <briefdescription>
    </briefdescription>
    <detaileddescription>
<para>Accessing the GPS Data over JNI calls Please check the Java sources under Plugins/Android </para>    </detaileddescription>
    <inheritancegraph>
      <node id="25">
        <label>GPSManager</label>
        <link refid="class_g_p_s_manager"/>
        <childnode refid="26" relation="public-inheritance">
        </childnode>
      </node>
      <node id="26">
        <label>MonoBehaviour</label>
      </node>
    </inheritancegraph>
    <collaborationgraph>
      <node id="27">
        <label>GPSManager</label>
        <link refid="class_g_p_s_manager"/>
        <childnode refid="28" relation="public-inheritance">
        </childnode>
      </node>
      <node id="28">
        <label>MonoBehaviour</label>
      </node>
    </collaborationgraph>
    <location file="assets/plugins/GPSManager.cs" line="6" column="1" bodyfile="assets/plugins/GPSManager.cs" bodystart="6" bodyend="66"/>
    <listofallmembers>
      <member refid="class_g_p_s_manager_1aacf85f675cd3eb8d0f99d394f470bd00" prot="private" virt="non-virtual"><scope>GPSManager</scope><name>degrees</name></member>
      <member refid="class_g_p_s_manager_1af586495843a8952f27235c86ff7a818c" prot="private" virt="non-virtual"><scope>GPSManager</scope><name>gpsActivityJavaClass</name></member>
      <member refid="class_g_p_s_manager_1a6900dee86095c191592dcc7230f2c4a1" prot="private" virt="non-virtual"><scope>GPSManager</scope><name>OnGUI</name></member>
      <member refid="class_g_p_s_manager_1abab89e654ad5fb8385d2497e27a6a96b" prot="private" virt="non-virtual"><scope>GPSManager</scope><name>Start</name></member>
      <member refid="class_g_p_s_manager_1a743dea1d8b44136547afcad857c6d00e" prot="private" virt="non-virtual"><scope>GPSManager</scope><name>Update</name></member>
      <member refid="class_g_p_s_manager_1acff0e45c53155606483cc9054aea1f33" prot="private" virt="non-virtual"><scope>GPSManager</scope><name>userLocation</name></member>
      <member refid="class_g_p_s_manager_1a99609df2328f567906dbd749be2efd1c" prot="private" virt="non-virtual"><scope>GPSManager</scope><name>xValue</name></member>
      <member refid="class_g_p_s_manager_1a7ea9347dbe3931e81d9993edee505fdb" prot="private" virt="non-virtual"><scope>GPSManager</scope><name>yValue</name></member>
      <member refid="class_g_p_s_manager_1a6db207ef9106087ed3544aaaaae90a8c" prot="private" virt="non-virtual"><scope>GPSManager</scope><name>zValue</name></member>
    </listofallmembers>
  </compounddef>
</doxygen>
