<?xml version='1.0' encoding='UTF-8' standalone='no'?>
<doxygen xmlns:xsi="http://www.w3.org/2001/XMLSchema-instance" xsi:noNamespaceSchemaLocation="compound.xsd" version="1.8.10">
  <compounddef id="dir_0fe4d025addff9d4b6b3a3cd7b15852d" kind="dir">
    <compoundname>assets</compoundname>
    <innerdir refid="dir_1c0a11c9b258b446a04e116cb8faa990">assets/plugins</innerdir>
    <briefdescription>
    </briefdescription>
    <detaileddescription>
    </detaileddescription>
    <location file="assets/"/>
  </compounddef>
</doxygen>
