<?xml version='1.0' encoding='UTF-8' standalone='no'?>
<doxygen xmlns:xsi="http://www.w3.org/2001/XMLSchema-instance" xsi:noNamespaceSchemaLocation="compound.xsd" version="1.8.10">
  <compounddef id="dir_e7cf40edc383fb766824bea156df6786" kind="dir">
    <compoundname>assets/plugins/android/com</compoundname>
    <innerdir refid="dir_83916b8a6f8c587521e7d433f7600931">assets/plugins/android/com/LuminAR</innerdir>
    <briefdescription>
    </briefdescription>
    <detaileddescription>
    </detaileddescription>
    <location file="assets/plugins/android/com/"/>
  </compounddef>
</doxygen>
